name,id
Doja Cat,5cj0lLjcoR7YOSnhnX0Po5
Bruno Mars,0du5cEVh5yTK9QJze8zA0C
Dua Lipa,6M2wZ9GZgrQXHCFfjv46we
USHER,23zg3TcAtWQy7J6upgbUnj
Justin Timberlake,31TPClRtHm23RisEBtV3X7
David Guetta,1Cs0zKBU1kc0i8ypK3B9ai
Lady Gaga,1HY2Jd0NmPuamShAr6KMms
Pitbull,0TnOYISbd1XYRBk9myaseg
Calvin Harris,7CajNmpbOovFoOoasH2HaY
Tiësto,2o5jDhtHVPhrJdv3cEQ99Z
Shakira,0EmeFodog0BfCgMzAIvKQp
T-Pain,3aQeKQSyrW4qWr35idm0cy
Sia,5WUlDfRSoLAfcVSX1WnrxN
Pharrell Williams,2RdwBSPQiwcmiDo9kixcl8
Ne-Yo,21E3waRsmPlU7jZsS13rcj
Akon,0z4gvV4rjIZ9wHck67ucSV
Ludacris,3ipn9JLAPI5GUEo4y4jcoi
Britney Spears,26dSoYclwsYLMAKD3tpOr4
P!nk,1KCSPY1glIKqW2TotWuXOR
Kesha,6LqNN22kT3074XbTVUrhzX
Madonna,6tbjWDEIzxoDsBA1FuhfPW
Flo Rida,0jnsk9HBra6NMjO2oANoPY
Mariah Carey,4iHNK0tOyZPYnBU7nGAgpQ
Jason Derulo,07YZf4WDAMNwqr4jfgOZ8y
Diplo,5fMUXHkw8R8eOP2RNVYEZX
Avicii,1vCWHaC5f2uS3yhpwWbIA6
Black Eyed Peas,1yxSLGMDHlW21z4YXirZDS
The Killers,0C0XlULifJtAgn6ZNCW2eu
Bebe Rexha,64M6ah0SkkRsnPGtGiRAbb
Camila Cabello,4nDoRrQiYLoBzwC5BhVJzF
Kygo,23fqKkggKUBHNkbKtXEls4
Timbaland,5Y5TRrQiqgUO4S36tzjIRZ
Empire Of The Sun,67hb7towEyKvt5Z8Bx306c
Nelly,2gBjLmx6zQnFGQJCAQpRgw
Sean Paul,3Isy6kedDrgPYoTS1dazA9
Lil Jon,7sfl4Xt5KmfyDs2T3SVSMK
DJ Snake,540vIaP2JwjQb9dm3aArA4
Skrillex,5he5w2lnU9x7JFhnwcekXX
Christina Aguilera,1l7ZsJRRS8wlW3WfJfPfNS
Carrie Underwood,4xFUf1FHVy696Q1JQZMTRj
Nelly Furtado,2jw70GZXlAI8QzWeY2bgRc
Burna Boy,3wcj11K77LjEY1PkEazffa
Enrique Iglesias,7qG3b048QCHVRO5Pv1T5lw
Gwen Stefani,4yiQZ8tQPux8cPriYMWUFP
Avril Lavigne,0p4nmQO2msCgU4IF37Wi3j
Kelly Clarkson,3BmGtnKgCSGYIUhmivXKWX
Train,3FUY2gzHeIiaesXtOAdB7A
ILLENIUM,45eNHdiiabvmbp4erw26rg
Whitney Houston,6XpaIBNiVzIetEPCWDvAFP
Zedd,2qxJFvFYMEDqd7ui6kSAcq
Missy Elliott,2wIVse2owClT7go1WT98tk
Trey Songz,2iojnBLj0qIMiKPvVhLnsH
Jennifer Lopez,2DlGxzQSjYe5N6G9nkYghR
Tove Lo,4NHQUGzhtTLFvgF5SZesLK
Ashanti,5rkVyNGXEgeUqKkB5ccK83
Natasha Bedingfield,7o95ZoZt5ZYn31e9z1Hc0a
Ciara,2NdeV5rLm47xAvogXrYhJX
Major Lazer,738wLrAtLtCtFOLvQBXOXp
B.o.B,5ndkK3dpZLKtBklKjxNQwT
Flume,6nxWCVXbOlEVRexSbLsTer
Mary J. Blige,1XkoF8ryArs86LZvFOkbyr
Martin Garrix,60d24wfXkVzDSfLS6hyCjZ
will.i.am,085pc2PYOi8bGKj0PNjekA
Diddy,59wfkuBoNyhDMQGCljbUbA
*NSYNC,6Ff53KvcvAj5U7Z1vojB5o
John Summit,7kNqXtgeIwFtelmRjWv205
Backstreet Boys,5rSXSAkZ67PYJSvpUpkOr7
MEDUZA,0xRXCcSX89eobfrshSVdyu
Disclosure,6nS5roXSAGhTGr34W6n7Et
Destiny's Child,1Y8cdNmUJH7yBTd9yOvr5i
TLC,0TImkz4nPqjegtVSMZnMRq
Swedish House Mafia,1h6Cn3P4NGzXbaXidqURXs
R3HAB,6cEuCEZu7PAE9ZSzLLc2oQ
Robin Schulz,3t5xRXzsuZmMDkQzgOX35S
Aaliyah,0urTpYCsixqZwgNTkPJOJ4
Soulja Boy,6GMYJwaziB4ekv1Y6wCDWS
Alesso,4AVFqumd2ogHFlRbKIjp1t
Sophie Ellis-Bextor,2cBh5lVMg222FFuRU7EfDE
Jason Mraz,4phGZZrJZRo4ElhRtViYdl
Depeche Mode,762310PdDnwsDxAQxzQkfX
Dido,2mpeljBig2IXLXRAFO9AAs
Sean Kingston,6S0dmVVn4udvppDhZIWxCr
Galantis,4sTQVOfp9vEMCemLw50sbu
Carly Rae Jepsen,6sFIWsNpZYqfjUpaCgueju
Talking Heads,2x9SpqnPi8rlE9pjHBwmSC
Armin van Buuren,0SfsnGyD8FpIN4U4WCkBZ5
Enya,6uothxMWeLWIhsGeF7cyo4
Mike Posner,2KsP6tYLJlTBvSUxnwlVWa
Ja Rule,1J2VVASYAamtQ3Bt8wGgA6
Crystal Castles,7K3zpFXBvPcvzhj7zlGJdO
Clean Bandit,6MDME20pz9RveH9rEXvrOM
Lost Frequencies,7f5Zgnp2spUuuzKplmRkt7
Shaggy,5EvFsr3kj42KNv97ZEnqij
Billy Idol,7lzordPuZEXxwt9aoVZYmG
No Doubt,0cQbJU1aAzvbEmTuljWLlF
Fergie,3r17AfJCCUqC9Lf0OAc73G
Cyndi Lauper,2BTZIqw0ntH9MvilQ3ewNY
AFROJACK,4D75GcNG95ebPtNvoNVXhz
Jess Glynne,4ScCswdRlyA23odg9thgIO
Loud Luxury,6t1gpxYbY8OlLA7D2RiikQ
Steve Aoki,77AiFEVeAVj2ORpC85QVJs
Jonas Blue,1HBjj22wzbscIZ9sEb5dyf
Becky Hill,4EPJlUEBy49EX1wuFOvtjK
Ray Dalton,4e0nWw2r4BoQSKPQ2zpU13
WALK THE MOON,6DIS6PRrLS3wbnZsf7vYic
Duran Duran,0lZoBs4Pzo7R89JM9lxwoT
Jessie J,2gsggkzM5R49q6jpPvazou
Kylie Minogue,4RVnAU35WRWra6OZ3CbbMA
MØ,0bdfiayQAKewqEvaU6rXCv
Rita Ora,5CCwRZC6euC8Odo6y9X8jr
deadmau5,2CIMQHirSU0MQqyYHq0eOx
Gym Class Heroes,4IJczjB0fJ04gs4uvP0Fli
Iggy Azalea,5yG7ZAZafVaAlMTeBybKAL
Keri Hilson,63wjoROpeh5f11Qm93UiJ1
Tinashe,0NIIxcxNHmOoyBx03SfTCD
Taio Cruz,6MF9fzBmfXghAz953czmBC
Gryffin,2ZRQcIgzPCVaT9XKhXZIzh
Chris Lake,5Igpc9iLZ3YGtKeYfSrrOE
PNAU,6n28c9qs9hNGriNa72b26u
Felix Jaehn,4bL2B6hmLlMWnUEZnorEtG
Mario,20s0P9QLxGqKuCsGwFsp7w
Mindless Self Indulgence,5R5MLOQbI4lb7GHYioPqoN
Colbie Caillat,6aZyMrc4doVtZyKNilOmwu
Jax Jones,4Q6nIcaBED8qUel8bBx6Cr
Eve,4d3yvTptO48nOYTPBcPFZC
The Pussycat Dolls,6wPhSqRtPu1UhRCDX5yaDJ
Aqua,6kBjAFKyd0he7LiA5GQ3Gz
Icona Pop,1VBflYyxBhnDc9uVib98rw
Kelly Rowland,3AuMNF8rQAKOzjYppFNAoB
Kaskade,6TQj5BFPooTa08A7pk8AQ1
Janet Jackson,4qwGe91Bz9K2T8jXTZ815W
Topic,0u6GtibW46tFX7koQ6uNJZ
W&W,2rTo8KIkBTFjQS7VvaKYQ4
Ella Henderson,7nDsS0l5ZAzMedVRKPP8F1
Joel Corry,6DgP9otnZw5z6daOntINxp
Dimitri Vegas & Like Mike,73jBynjsVtofjRpdpRAJGk
Imanbek,5rGrDvrLOV2VV8SCFVGWlj
Cher,72OaDtakiy6yFqkt4TsiFt
DNCE,6T5tfhQCknKG4UnH90qGnz
Brandy,05oH07COxkXKIMt6mIPRee
Spice Girls,0uq5PttqEjj3IH1bzwcrXF
3OH!3,0FWzNDaEu9jdgcYTbcOa4F
INXS,1eClJfHLoDI4rZe5HxzBFv
Timmy Trumpet,0CbeG1224FS58EUx4tPevZ
Gabry Ponte,5ENS85nZShljwNgg4wFD7D
Phoenix,1xU878Z1QtBldR7ru9owdU
Ofenbach,4AKwRarlmsUlLjIwt38NLw
Yeah Yeah Yeahs,3TNt4aUIxgfy9aoaft5Jj2
James Hype,43BxCL6t4c73BQnIJtry5v
Sam Feldt,20gsENnposVs2I4rQ5kvrf
Lil' Kim,5tth2a3v0sWwV1C7bApBdX
Aphex Twin,6kBDZFXuLrZgHnvmPu9NsG
Kungs,7keGfmQR4X5w0two1xKZ7d
Mandy Moore,2LJxr7Pt3JnP60eLxwbDOu
Jay Sean,4pADjHPWyrlAF0FA7joK2H
Franz Ferdinand,0XNa1vTidXlvJ2gHSsRi4A
Eurythmics,0NKDgy9j66h3DLnN8qu1bB
Nayer,1ruutHJcECI7cos2n5TqpO
Cheat Codes,7DMveApC7UnC2NPfPvlHSU
LMFAO,3sgFRtyBnxXD5ESfmbK4dl
Seeb,5iNrZmtVMtYev5M9yoWpEq
Olivia Newton-John,4BoRxUdrcgbbq1rxJvvhg9
Elderbrook,2vf4pRsEY6LpL5tKmqWb64
New Order,0yNLKJebCb8Aueb54LYya3
MNEK,7uMh23xWiuR7zsNkuNcm2G
Nick Jonas,4Rxn7Im3LGfyRkY2FlHhWi
Simple Minds,6hN9F0iuULZYWXppob22Aj
Far East Movement,698hF4vcwHwPy8ltmXermq
Dillon Francis,5R3Hr2cnCCjt220Jmt2xLf
Rudimental,4WN5naL3ofxrVBgFpguzKo
Cassie,27FGXRNruFoOdf1vP8dqcH
Brando,5uEeqYFuIChoWKy34jp8xE
Collie Buddz,5Ayl2bJtN5mdCsxZoxs9n1
MK,1yqxFtPHKcGcv6SXZNdyT9
Deorro,6VD4UEUPvtsemqD3mmTqCR
Oliver Heldens,5nki7yRhxgM509M5ADlN1p
Lily Allen,13saZpZnCDWOI9D4IJhp1f
Sigala,1IueXOQyABrMOprrzwQJWN
Goodboys,2nm38smINjms1LtczR0Cei
FAST BOY,56Qz2XwGj7FxnNKrfkWjnb
Justice,1gR0gsQYfi6joyO1dlp76N
John Newman,34v5MVKeQnIo0CWYMbbrPf
Jamiroquai,6J7biCazzYhU3gM9j1wfid
Porter Robinson,3dz0NnIZhtKKeXZxLOxCam
Pet Shop Boys,2ycnb8Er79LoH2AsR5ldjh
Regard,4ofCBoyEiGSePFAG500xev
D.O.D,0Cs47vvRsPgEfliBU9KDiB
SG Lewis,0GG2cWaonE4JPrjcCCQ1EG
Robin Thicke,0ZrpamOxcZybMHGg1AYtHP
The Wanted,2NhdGz9EDv2FeUw6udu2g1
Seven Lions,6fcTRFpz0yH79qSKfof7lp
Popcaan,62DmErcU7dqZbJaDqwsqzR
Omarion,0f5nVCcR06GX8Qikz0COtT
Chase & Status,3jNkaOXasoc7RsxdchvEVq
Future Islands,1WvvwcQx0tj6NdDhZZ2zZz
Leona Lewis,5lKZWd6HiSCLfnDGrq9RAm
Benny Benassi,4Ws2otunReOa6BbwxxpCt6
Cedric Gervais,4Wjf8diP59VmPG7fi4y724
Aluna,5ITI6SEoUZMIXXkzCfr4oE
James Carter,5344K3N7rx7kw1HjO8psuq
Don Diablo,1l2ekx5skC4gJH8djERwh1
Toni Braxton,3X458ddYA2YcVWuVIGGOYe
Slushii,41rVuRHYAiH7ltBTHVR9We
NOTD,5jAMCwdNHWr7JThxtMuEyy
A7S,5Wg2b4Mp42gicxEeDNawf7
Robbie Williams,2HcwFjNelS49kFbfvMxQYw
Iyaz,5tKXB9uuebKE34yowVaU3C
Interpol,3WaJSfKnzc65VDgmj2zU8B
Olly Alexander (Years & Years),5vBSrE1xujD2FXYRarbAXc
Matoma,4YXycRbyyAE0wozTk7QMEq
Sonny Fodera,39B7ChWwrWDs7zXlsu3MoP
Duke Dumont,61lyPtntblHJvA7FMMhi7E
Four Tet,7Eu1txygG6nJttLHbZdQOh
Bow Wow,7352aRY2mqSxBZwzUb6LmA
Vybz Kartel,2NUz5P42WqkxilbI8ocN76
INNA,2w9zwq3AktTeYYMuhMjju8
JoJo,5xuNBZoM7z1Vv8IQ6uM0p6
Clementine Douglas,4DWuml4Jf6K81b5rAPwMb6
Kelis,0IF46mUS8NXjgHabxk2MCM
La Roux,3K2zB87GZv1krx031en5VA
Olly Murs,3whuHq0yGx60atvA2RCVRW
Riton,7i9j813KFoSBMldGqlh2Z1
Hardwell,6BrvowZBreEkXzJQMpL174
CamelPhat,240wlM8vDrf6S4zCyzGj2W
Ella Eyre,66TrUkUZ3RM29dqeDQRgyA
Snakehips,2FwJwEswyIUAljqgjNSHgP
Jesse McCartney,2Hjj68yyUPiC0HKEOigcEp
Willy William,4RSyJzf7ef6Iu2rnLdabNq
Gigi D'Agostino,1OAjDaKgg00KCUYqDe68un
LCD Soundsystem,066X20Nz7iquqkkCW6Jxy6
ACRAZE,4pnp4w9g30yLfVIAFnZMRd
Vicetone,0daugAjUgbJSqdlyYNwIbT
Axwell /\ Ingrosso,2XnBwblw31dfGnspMIwgWz
The B-52's,3gdbcIdNypBsYNu3iiCjtN
DEV,7Ip2u3e5Nv6fFb5xyIHxEE
VINAI,4mrBetqy378Jf1y6NLszlx
Peter Bjorn and John,6u11Qbko2N2hP4lTBYjX86
Gorgon City,4VNQWV2y1E97Eqo2D5UTjx
Jordin Sparks,2AQjGvtT0pFYfxR3neFcvz
Stefflon Don,2ExGrw6XpbtUAJHTLtUXUD
Savage Garden,3NRFinRTEqUCfaTTZmk8ek
Konshens,3nwYsifpwrKmCIpw4i0HDW
Cher Lloyd,4m4SfDVbF5wxrwEjDKgi4k
Shenseea,1OFOShsIbhy1l5x73yuVyB
Vanessa Hudgens,6G9bygHlCyPgNGxK2l3YdE
The Knocks,2x7EATekOPhFGRx3syMGEC
Cash Cash,1LOB7jTeEV14pHai6EXSzF
Punctual,1ocnIbhFWM9bSPrd7Hu4zF
Nicole Scherzinger,40xbWSB4JPdOkRyuTDy1oP
GAMPER & DADONI,6HQ6vf4AloXyVNdyJhrX1J
SLANDER,20DZAfCuP1TKZl5KcY7z3Q
Zeds Dead,67qogtRNI0GjUr8PlaG6Zh
SVDDEN DEATH,2u01kCKA5wDvvztuH8lyT0
Kai Wachi,2fNr4ldujwq97v1jWeqs8K
Dabin,7lZauDnRoAC3kmaYae2opv
Wooli,1Uyqa2sdHm1bL5JK4IC4zc
Sullivan King,1CXuuw8HJhyN80HlNzvL1e
Said The Sky,4LZ4De2MoO3lP6QaNCfvcu
Flux Pavilion,7muzHifhMdnfN1xncRLOqk
Omar Varela,5xIOUIBQhGFX7HIj8lhdyU
William Black,7d5SfGXKpgS3JK8BFIq59h
PEEKABOO,4Ok1Cm5YX5StCQZgH0r2xF
Crankdat,5lCekoJW9jNq01B1wiqdAb
NERO,4uRYpUQZrNrY5t8tAv3XrD
Blanke,59Yq0xrABEihHANsfo9QMT
Virtual Riot,4FXGRMSHh2JjHxVwS8dhH1
MitiS,16yUpGkBRgc2eDMd3bB3Uw
Ray Volpe,2K9qsrYnsu1EWt7ZQkkuXb
Space Laces,37PZXblQTqpEWGdjctNcGP
Trivecta,4AT7XlLBevgZIiKvZQ83ye
NURKO,757FXqX0Osk2pqtgv4E5v4
RUNN,3l0H4QNiYYNdIsnZ4JgJAg
HALIENE,1sKIizVYeHkGy7Tjmn9QRj
Jason Ross,6CCTvLyIHqUhY6VQizt150
HOL!,75YeSAKC6xPhgkjnltCmGB
ATLiens,74RET4rCZPTGzhsLjD0i3g
Eliminate,6hBrJJrcYoNhvLC6KaFR4b
Dion Timmer,06VibSJEr3GLxLBBZhRums
Ghastly,2Sa4c9qKaI7ILJs8D6gUCh
Habstrakt,1YYJxpOXYk1z1WtqdeLMkn
ARMNHMR,0P2bZXPyjHYRW4guHVAFl1
Blackmill,4kjWnaLfIRcLJ1Dy4Wr6tY
Koven,3UCbp6D1lvILlxRJT9LnFa
Fairlane,3L7JnVovGbYSUmRyqhXMYO
G-Rex,0ZpPLGn0OkRMl2Y9Twn16K
Rootkit,01olvHW7uzIInQx9VTNuJm
Borgore,7u160I5qtBYZTQMLEIJmyz
MARAUDA,3YLUvWzk9eBm1WrHFlZxM4
Ookay,1HQGhla3VNj1dBmKTtVT2t
DJ Noiz,0ZVAv3drBuIRSc88ATH6UK
Riot Ten,2Zxy5LwBatI5kw4uponwHQ
Hairitage,6Cqy862jSCV7qdNrCDqvNK
PhaseOne,0mO3Yf5XIPHfAbHh8yWLFk
Codeko,7FZKXzbyCoai0fEh65kZKp
Jessica Audiffred,4odLDriBk6oEZotzLPTSnD
Kompany,7dtX3ykcuyVmts2HQnWgSP
Whales,5zId1SmYy46E9v2KQsSTFR
BARELY ALIVE,5c3akKV3CUqAVOnGZqf4S3
Eptic,4dvZ0abeUaiHm7Fu9Gj0PQ
Bear Grillz,04vdWVjgi45nrMAxeCEVQe
Burial,0uCCBpmg6MrPb1KY2msceF
Oliverse,3fFMSweDNwFGyHcxjN7MWp
Crystal Skies,6HraHl4uwIQFixUu3J49BK
GG Magree,54pgkpWVgQYbQXD8bkUP8n
Far Out,7aB2KbM3pphL9mU3dXbyh2
Au5,40WIa01eubnEVkxUHeDZyF
12th Planet,3V1h3kAdiVDBiwlY2i6dJz
Tisoki,0XW7mqhbaQnRtHmwfAVg64
yetep,20lmiQy576CSBPz0VJHmnC
Crywolf,33o00sXuyWiApOFzo0vr0z
SampliFire,57gGqESEggWfCpE3KOzdVa
Dirt Monkey,5dNqUwGTZcQQ09ecTKkCGH
Midnight Tyrannosaurus,6Z8O8PugLuKyLFVkZLQDRZ
Wavedash,1SlTeYo2NYg93bGqlQYkwE
Dirtyphonics,4zymhxzJ0UJc74tMHGyoWs
Varien,2g1JSu9UfRcQQYb3b03Km7
Calcium,1s6bMklFjSRcrMy2FtobWM
Culture Code,2FF8wcGpikv5RFbAK1rvdZ
Ruvlo,3nqbWR5FC0RSkS9kK1aalW
Rameses B,06EfEcjc0vdvI6VNL0soIO
Rusko,4BTcOR2hEQZQQL5AMo5u10
Amidy,685c4a84PTRlygc8EUE7tV
Luma,29siAJ78u7y79BYOyh0lbp
Cyclops,1vOTVnnyLvVTeuwrZLghCN
Rogue,3zuevuwyBq4MiQzPB3nvW2
MUST DIE!,4aBx7mA6lUOVhEsjokZrXb
INFEKT,3I6KMDdmPiLE5UQ4XF8Kpl
Spag Heddy,043Bey7ngSGRFpJftAlKpi
Monxx,2FJC1Wce3SiCCbIoYwVWq0
Last Heroes,3HHfEn7yPOy3IiHS6CHG97
SNAILS,2yT7X3Gg2S51DHz67FAYL6
Bandlez,7kIxfmjYGQui2LCqXGLfWA
JVNA,0BMfVLB7t0VCzNBZZKBy6A
Skream,2jbP92oFLWqPqogflK1wlW
Direct,5eOyDcFvvdc7D7BD6gCdsi
Code: Pandorum,1QeTjGvzNdgEbglFeedKWe
Sikdope,3EXfNuPuR3OFEdlyoSutcG
N3WPORT,1iyaH6NJWncvktAfUcNht8
MYRNE,41DKMtAnhVo7aDeluAHDJg
T-Mass,0M3cZtjQZ8fz3Hbw1A4CwF
Lektrique,2ZZE8SPVWBysGWL1pRDHEy
EH!DE,1EkJy0Tz2PYa8ohGWOnqkw
Diskoteka Avariya,2NL5u7aIFrmuOHbYBYWjun
Marshmello,64KEffDW9EtZ1y2vBYgq8T
Mac DeMarco,3Sz7ZnJQBIHsXLUSo0OQtM
Fred again..,4oLeXFyACqeem2VImYeBFe
ODESZA,21mKp7DqtSNHhCAU2ugvUw
Hippie Sabotage,4dM6NDYSfLcspt8GLoT5aE
Rezz,4aKdmOXdUKX07HVd3sGgzw
Sofi Tukker,586uxXMyD5ObPuzjtrzO1Q
Vintage Culture,28uJnu5EsrGml2tBd7y8ts
ZHU,28j8lBWDdDSHSSt5oPlsX2
Dimitri Vegas,2HkAI0YrEcgoR8QdaURqhO
Grey,4lDBihdpMlOalxy1jkUbPl
Louis The Child,7wg1qvie3KqDNQbAkTdbX0
RL Grime,5eIbEEQnDM8yuDVB0bimSP
Like Mike,4pwXiI7Z5ZStkgKowZyoKi
Groove Dealers,4WOeTZ6inhL1zz0u5v0Q8z
John Martin,2auikkNYqigWStoHWK1Grq
NGHTMRE,76M2Ekj8bG8W7X2nbx2CpF
The Blessed Madonna,4TvhRzxIL1le2PWCeUqxQw
Above & Beyond,10gzBoINW3cLJfZUka8Zoe
SIDEPIECE,5czbzNZZfWpyFgZyfT3Mkk
Au/Ra,1eMmoIprPDWeFdB1FxU6ZV
A-Trak,3TaUSUXn41GixL7zbvrIDt
BYOR,0Upxnyh9nIUNSOmNE8WF4R
Eric Prydz,5sm0jQ1mq0dusiLtDJ2b4R
Audien,4xnMDfgEmXZEEDdITKcGuE
KSHMR,2wX6xSig4Rig5kZU6ePlWe
Martin Solveig,1bj5GrcLom5gZFF5t949Xl
San Holo,0jNDKefhfSbLR9sFvcPLHo
Dynoro,3v6Ji4uoWtKRkhuDUaxi9n
Mako,0Ye4nfYAA91T1X56gnlXAA
DVBBS,5X4LWwbUFNzPkEas04uU82
Yellow Claw,47z7ZrgFoBvVpCnElCE3Zh
What So Not,4AA8eXtzqh5ykxtafLaPOi
Axwell,1xNmvlEiICkRlRGqlNFZ43
Madeon,4pb4rqWSoGUgxm63xmJ8xc
Martin Jensen,4ehtJnVumNf6xzSCDk8aLB
Dash Berlin,1xT5p0VBpnZDrvVSjX9sri
Nicky Romero,5ChF3i92IPZHduM7jN3dpg
Adventure Club,5CdJjUi9f0cVgo9nFuJrFa
Öwnboss,37czgDRfGMvgRiUKHvnnhj
Jack Ü,1HxJeLhIuegM3KgvPn8sTa
twocolors,7ACEUD7UsmmXrnj4OLt8f9
MOTi,1vo8zHmO1KzkuU9Xxh6J7W
Kasbo,1ikID9RZZMvkuBGDWrqajq
Surf Mesa,1lmU3giNF3CSbkVSQmLpHQ
Sebastian Ingrosso,6hyMWrxGBsOx6sWcVj1DqP
Tujamo,2vVNxGBvKRQMWwI5c8KmYh
ARTY,1rSGNXhhYuWoq9BEz5DZGO
Dubdogz,4cdyqaBREB68H77QKCrKP1
Nevve,3RTklnRcfHgkQJwFpgOq3t
DubVision,3XINWZaloea97SIRiyTJxX
Matthew Koma,1mU61l2mcjEFraXZLpvVMo
Steve Angello,4FqPRilb0Ja0TKG3RS3y4s
Tchami,1KpCi9BOfviCVhmpI4G2sY
Kill The Noise,3qnMl4DHT4gndzFAcG4FlM
Cartoon,2sf28o6euxEDpYkG9dMtuM
Bassnectar,1JPy5PsJtkhftfdr6saN2i
Dzeko,5vQfv3s2Z2SRdPZKr82ABw
Gareth Emery,0hprEC0nsWuQPSHag1O2Vi
The Magician,4WUGQykLBGFfsl0Qjl6TDM
Showtek,3gk0OYeLFWYupGFRHqLSR7
Lucas Estrada,2tndYCXQneCV4jtoWRwVpz
Retrofile,6bswxXQ3qgvkMQCRu0DKuz
Jauz,5ttgIeUVka6FLyi00Uu5h8
Krewella,0Cd6nHYwecCNM1sVEXKlYr
Darude,0LhHRmSd1EYM5QdNeNnCoQ
Lost Sky,157L8iTHgbdrKVxdQEXluh
Blasterjaxx,37awA8DFCAnCCL7aqYbDnD
DROELOE,0u18Cq5stIQLUoIaULzDmA
Alison Wonderland,11gWrKZMBsGQWmobv3oNfW
Lost Kings,3hyEbRtp617pNCuuQjyOmc
MEMBA,7nJNuftnqwrFGFs3ZRRe0u
Otto Knows,5fahUm8t5c0GIdeTq0ZaG8
SABAI,4OaSyxqlkp7aVpAZwF02QZ
Bruno Martini,5veVxxPm1vzgi6pO2iVA8L
Curbi,2XiiUuK68XNdHaHOAF5hnT
Laura Brehm,7ddnIV2r4SLjuwyGlgLIWt
MKLA,57Vnemieu10x71jR2UWc4o
Ryan Riback,33JQK4UoS2aMPYBfdB5Ftt
SRTW,7vHAcPVlEDksRsCfkez2CD
Party Favor,7yPPzu5UdAK7yagQqjEZQm
Syn Cole,6i1GVNJCyyssRwXmnaeEFH
Carnage,7CCjtD0hCK005Bvg2WG1a7
Ummet Ozcan,7e1BNCygl2Gf7CX8LrByPv
CADE,0CEK8AzyeD5ZUdUloB6yQV
3LAU,4YLQaW1UU3mrVetC8gNkg5
Bassjackers,6xQvQwZQQuq9R3TdPNbcR8
Purity Ring,1TtJ8j22Roc24e2Jx3OcU4
Yotto,5Dyfxq0ZrFjjeFBdSNxDbo
Tritonal,521qvhdobR0GzhvU6TFw76
Valentino Khan,0deIjoDjl9g9Zpw0sCIOHh
Good Times Ahead,6M7RdR9ZP52h2mfNLmiHtU
BEAUZ,2Wzb0u138rgoZQTK3ytknT
Unknown Brain,0okpgBQamDqOZazBeH0J3I
Lucas & Steve,5wwneIFdawNgQ7GvKK29Z3
Laidback Luke,53cQZtWDwDJwVCNZlfJ6Qk
Morgan Page,1N9n8MSxrr4Emhb566493b
Knife Party,2DuJi13MWHjRHrqRUwk8vH
Quintino,1V3VTM7VspiQjcmRhC010n
Netsky,5TgQ66WuWkoQ2xYxaSTnVP
Third Party,2J80qXI4NHKpq5RT3xUF7V
Hoang,2KjxvxgJvbwweNVRMSuIRG
KVSH,2uGKgNuq7MnKksXiSO6HjB
Bingo Players,1pbHrVayIcVpHI9z97u4bK
Kiesza,4zxvC7CRGvggq9EWXOpwAo
Pegboard Nerds,0lLY20XpZ9yDobkbHI7u1y
Lazy Jay,4vUAD0POkGvO6J9c9hv6qR
Yves V,47BEc2RoW53owMyxacXWdV
Gaullin,1aQwKFn00nswXRDUDipm0K
Rival,4u1nYxjl132D6rcMeYQ6Zz
Mike Williams,3IpvVrP3VLhruTmnququq7
Sevenn,7bNqXqIrIfwJnipx7oGeU4
Captain Cuts,0rlKkLkpsCnJbZethGBfAk
TJR,2L8yW8GIoirHEdeW4bWQXq
Karra,24CzPFC4y3bM4AkUnZfuAU
Ian Storm,6fllSzvyC7OruOFZisOELq
CID,4FCzCS0KEgb0rgySWINItO
Zomboy,0ycHhPwPvoaO4VGzmMnXGq
Ilkay Sencan,5deLgmgAEgy8UHOfJ9Dj8w
Autograf,0FVj4JuzTyudaXAwfqDQ20
MOGUAI,4xgFgBZ7CRtgtHcziClOwQ
Felix Cartal,6roDXEmZ6AARdOUv6x5U2v
Steve Void,3WSK3JppX3N41XHVwQp7Gt
Fedde Le Grand,7dc6hUwyuIhrZdh80eaCEE
Silk City,2X97ZAqRKRMYFIDqtvGgGc
Noisestorm,2BuSNpxpMGJGiAAWJYJT2t
Brooks,4mHAu7NX2UNsnGXjviBD9e
Mesto,0RViEWnZO2VhmY4oI0PhF9
Tristam,28Ky95tmlHktB96DBUoB0g
MAKJ,3PtCud9dIdOv4exrzdZZ1C
Jim Yosef,40HDiLfKm0tXk2FxlJx6aO
Borgeous,4uiMn2g0pgTrhN096QJhbp
EDX,7GMot9WvBYqhhJz92vhBp6
Zerky,3DAlQBPv5zWasPxV5Tr8ok
JOYRYDE,24neLwyYRyj4ItaGnFeIT0
Mahmut Orhan,3t8WiyalpvnB9AObcMufiE
MKJ,2mdhxkqoWFBLtEC5FRkMD0
Cat Dealers,3q2dSq7VZnj8TmoJUyRm40
Malaa,7w1eTNePApzDk8XtgykCPS
John De Sohn,3TVjdmhfFoYJLgBEkkZTBm
Dillistone,7ypPN35cJ9wfF2Zs7aYS33
Matisse & Sadko,2QMCcKIPHnjQaPPgoEst88
Clarx,0FlpBojQwomu07ckcyz3wr
Firebeatz,53YSn9tHwGJ6bq5P0gGoYo
Arem Ozguc,5JJc8is4VzgOz8ZanDj18J
Arman Aydin,4xklx5DAtVru5uf3vSXTgf
Coone,1Wt63OMKtv6v2ivHuQLm2C
Feenixpawl,5FvlJcXnFIm72pgQtW3Dct
NERVO,4j5KBTO4tk7up54ZirNGvK
JLV,5CBNhusqki2s2jp4Lo6i2L
Marc Benjamin,05KjvP5zdwtEIgEazqblZw
Keys N Krates,6c1pBXHYjFcGQQNO5MMsdd
Feed Me,5FWi1mowu6uiU2ZHwr1rby
Mr. Belt & Wezol,19VDJ9IKyBSUMDJxLsasP6
Ritviz,72beYOeW2sb2yfcS4JsRvb
Elephante,3fjs4zbBFxEFFe8Wyojo0G
Tobu,1feoGrmmD8QmNqtK2Gdwy8
Tommy Trash,1tBU8jUEdVR3mqSsAqEGfD
Johnning,1yPdXrLhRc50YbwiwCr1uN
Taska Black,3XFcu2NnGWceLNdxRCfYH3
Leon Leiden,1h3ucVy2E3Feh5LGO7agfW
Conro,1BAdSa5cdtCNLbvT7gWmtJ
Vigiland,3tLYpanVDomWAZqF82NPds
Zaeden,5lMNphVhMLvhFmTWiKiLA2
Bhaskar,6kT18gnkVrCz8xJQcrib7L
Ilkan Gunuc,02vT04WkgQ8dO4f1GLMTP9
Dada Life,00sAT5YX8W3xNd1EuqyHw9
Umur Anil Gokdag,6TE5uKxtwtgJ2kcUNRhzJP
Ekali,0Y0QSi6lz1bPik5Ffjr8sd
Vanic,2LY0E3xg8svCVYXVNTze5T
Young Bombs,4LKB1IkCINDDjEX8iS7glI
Melanie Martinez,63yrD80RY3RNEM2YDpUpO8
Halsey,26VFTg2z8YR0cCuwLzESi2
Daft Punk,4tZwfgrHOc3mvqYlEYSvVi
Florence + The Machine,1moxjboGR7GNWYIMWsRjgG
Alan Walker,7vk5e3vY1uw9plTHJAMwjN
Wisin & Yandel,1wZtkThiXbVNtj6hee6dz9
Zara Larsson,1Xylc3o4UrD53lo9CvFvVg
Alok,0NGAZxHanS9e0iNHpR8f2W
Grimes,053q0ukIDRgzwTr4vNSwab
Nine Inch Nails,0X380XXQSNBYuleKzav5UO
RÜFÜS DU SOL,5Pb27ujIyYb33zBqVysBkj
Set It Off,06bDwgCHeMAwhgI8il4Y5k
Kimbra,6hk7Yq1DU9QcCCrz9uc0Ti
Jeremy Zucker,3gIRvgZssIb9aiirIg0nI3
Lykke Li,6oBm8HB0yfrIc9IHbxs6in
Oh Wonder,5cIc3SBFuBLVxJz58W2tU9
Whethan,0vqJkZ0RpLZixt3lTmD8vP
LAY,4o7tWrzQOqarDtTMWD2HV9
Excision,5FKchcZpQOkqFvXBj1aCvb
Gente De Zona,2cy1zPcrFcXAJTP0APWewL
Bomba Estéreo,5n9bMYfz9qss2VOW89EVs2
Moby,3OsRAKCvk37zwYcnzRf5XF
Naeleck,2DYDFBqoaBP2i9XrTGpOgF
Caravan Palace,37J1PlAkhRK7yrZUtqaUpQ
Gigamesh,1Bo8Afb2Qbjs4x6kJHyjle
Björk,7w29UYBi0qsHi5RTcv3lmA
Tatsuya Kitani,7mvhRvEAHiCTQHUnH7fgnv
Mick Gordon,13ab1LgQZ3tQOhkDRRYB8Y
Portishead,6liAMWkVf5LH7YR9yfFy1Y
Princess Superstar,7JQn9DfFTtsFTg2dFc75jM
Foxes,7qRll6DYV06u2VuRPAVqug
Miranda!,2eEmsgWmUFMbtU7agJpnjY
Little Dragon,6Tyzp9KzpiZ04DABQoedps
Royal & the Serpent,64EHXDoln95lnccszdPum0
ROZES,6jsjhAEteAlY0vCiLvMLBA
Thievery Corporation,25KNo5GDS6ZpLkjasaecA3
Kikuo,5FhcqamaRFfpZb4VHV47fu
Bonobo,0cmWgDlu9CwTgxPhf403hb
Maribou State,7zrkALJ9ayRjzysp4QYoEg
Massive Attack,6FXMGgJwohJLUSr5nVlf9X
MIKA,5MmVJVhhYKQ86izuGHzJYA
AlunaGeorge,2VAnyOxzJuSAj7XIuEOT38
Rina Sawayama,2KEqzdPS7M5YwGmiuPTdr5
Fatboy Slim,4Y7tXHSEejGu1vQ9bwDdXW
Juan Magán,1ackd5XprZEkH3McKbQD51
Cali Y El Dandee,5DUlefCLzVRzNWaNURTFpK
Sultan + Shepard,14Tg9FvbNismPR1PJHxRau
Air,1P6U1dCeHxPui5pIrGmndZ
DJ Shadow,5CE2IfdYZEQGIDsfiRm8SI
Kiiara,4u5smJBskI6Adzv08PuiUP
Tycho,5oOhM2DFWab8XhSdQiITry
Shallou,7C3Cbtr2PkH2l4tOGhtCsk
Chino & Nacho,5NS0854TqZQVoRmJKSWtFZ
BANKS,2xe8IXgCTpwHE3eA9hTs4n
Metronomy,54QMjE4toDfiCryzYWCpXX
Garbage,6S0GHTqz5sxK5f9HtLXn9q
Robyn,6UE7nl9mha6s8z0wFQFIZ2
Matroda,45lcbTsX07JWzmTIjcdyBz
A R I Z O N A,7hOGhpa8RMSuDOWntGIAJt
Nils Frahm,5gqhueRUZEa7VDnQt4HODp
Echosmith,1PbBg2aYjWLKRk84zJK15x
TroyBoi,0tvpihdAsKiNnP6sWS3jUI
MORTEN,19HFRWmRCl27kTk6LeqAO8
Ellise,2FovgCfOwN9iqbkCBlKFdT
Allie X,0wnYgCeP013HkKoOyC5V32
Bob Moses,6LHsnRBUYhFyt01PdKXAF5
Babasónicos,2F9pvj94b52wGKs0OqiNi2
Polo & Pan,45yEuthJ9yq1rNXAOpBnqM
BAYNK,28yVvEvA2lT3K5RNIhV1Dj
✝✝✝ (Crosses),3gPZCcrc8KG2RuVl3rtbQ2
Boards of Canada,2VAvhf61GgLYmC6C8anyX1
Sam Gellaitry,07UJz804RJxqNvxFXC3h9H
Christian French,7naAJDAh7AZnf18YYfQruM
Anthony Keyrouz,0y4czH6DnvpftiSoy7V3HY
Kero Kero Bonito,6OqhFYFJDnBBHas02HopPT
Flying Lotus,29XOeO6KIWxGthejQqn793
Dean Blunt,5CFSYjc0PAiQvndFjafabk
Lights,5pdyjBIaY5o1yOyexGIUc6
The Chemical Brothers,1GhPHrq36VKCY3ucVaZCfo
Miike Snow,4l1cKWYW591xnwEGxpUg3J
SHAED,3KwmxIhSe9UTSEF37kwngR
Boys Noize,62k5LKMhymqlDNo2DWOvvv
Izzamuzzic,5EiDVD35ofoSKq1KE0jcs8
Jamie xx,7A0awCXkE1FtSU8B0qwOJQ
Jessie Ware,5Mq7iqCWBzofK39FBqblNc
HXE,33sT43HpTm0lrKxq9Wrxfz
The Avalanches,3C8RpaI3Go0yFF9whvKoED
Quantic,5ZMwoAjeDtLJ0XRwRTgaK8
Wet,2i9uaNzfUtuApAjEf1omV8
Scooter,0HlxL5hisLf59ETEPM3cUA
Naomi Wild,5EBlHXi71tDXnFtroEh7Rg
Metro Station,7vXwfZyDp3spzIVNXDaTPN
Christine and the Queens,04vj3iPUiVh5melWr0w3xT
Jai Wolf,24V5UY0nChKpnb1TBPJhCw
Dragonette,4GLJPBj5Cdr9AgLKvLWM4n
Wax Motif,7zm3aSdmGiOkTt0aZFSO8R
Thom Yorke,4CvTDPKA6W06DRfBnZKrau
Breathe Carolina,53M4Iv2RkzzxFFvW2B1jhC
Fuego,7wU2WGCJ8HxkekHHE2QLul
BICEP,73A3bLnfnz5BoQjb4gNCga
Lookas,27fy6rHPC58Eo2VUu0iJSG
Dr. Fresch,1htHgbGwgCWJBfGiQwcRqC
Zella Day,100sLnojEpcadRx4edEBA6
BloodPop®,1okJ4NC308qbtY9LyHn6DO
Sohodolls,1KNXft7nnRQj82sENi7WGN
Parov Stelar,65EXuYHVoehCKqp0kOS6px
Chromatics,4tOVIRjlWWfR1RrAxyRqTE
Francis Lai,0Lf3tvw0Rzwr38KDrShstn
Empress Of,5QuBVnBPEzwYvFrgBbwpmU
Röyksopp,5nPOO9iTcrs9k6yFffPxjH
shy martin,7eCmccnRwPmRnWPw61x6jM
Wafia,0FL2d6iFFNAV3yBUbXjZ1U
ayokay,4BzCdhJTyTS3gumq9xmymb
Łaszewo,6jxGLrn1I14RIeRYodOpLN
Nightmares On Wax,4tNxq9NGKTKaX8OkZBLgf0
Cashmere Cat,2LZDXcxJWgsJfKXZv9a5eG
Zero 7,14H7ag1wpQOsPPQJOD6Dqr
Gramatik,179BpmLkQCRIoU68Co80f5
Fox Stevenson,2BQWHuvxG4kMYnfghdaCIy
Dombresky,2GVtgxcx7jg5xVCZsIHSGN
Reol,7rpKUJ0AnklJ8q9nIPVSpZ
Miami Horror,0Z5pcmXDCKTrFWLnDChC37
Lexie Liu,6fs2or0cKLEM2xohWq8SoX
FRENSHIP,7xEFii6utZmQ61kX59HmLH
Sigrid,4TrraAsitQKl821DQY42cZ
ARTBAT,3BkRu2TGd2I1uBxZKddfg1
Jon Hopkins,7yxi31szvlbwvKq9dYOmFI
Morcheeba,6bWxFw65IEJzBYjx3SxUXd
Marian Hill,1xHQO9GJIW9OXHxGBISYc5
WHIPPED CREAM,5CMaNobmJYgXcfiT0zYOwi
ELIO,6xgvgzXNv3ymcITXTrxRaA
Caribou,4aEnNH9PuU1HF3TsZTru54
Black Tiger Sex Machine,0o9qzOHuHkGZ3xMFKpMFkC
LissA,6aAestjbtEbALwyIYPg8Na
Tensnake,75nC6MXUalYZSOd7OfNkwq
Elohim,6wKxOKEA3K6R2UZ3COLXEY
Madalen Duke,5qElg3REYcoPscmGLy0NmU
Delaney Jane,3fuxStOqQv8TiytHeuGiE8
Le Castle Vania,2KrXlzpSX4wWvJ2555FWLv
HI-LO,0ETJQforv5OXgDgidQv9qd
Ryn Weaver,2MuFzH1J5I6gGFYo2qhZmX
Orgy,4uYwLU7k03RCQSRXGtQGg0
Mount Kimbie,3NUtpWpGDoffm3RCGhSHtl
Basement Jaxx,4YrKBkKSVeqDamzBPWVnSJ
Poshlaya Molly,0xByDfltDVpk6LDsUMHyI2
Just A Gent,1kwGj7uDO5WXVXtQLvGJr0
HNNY,6Yae9Ia1nq6JLLojBzwN1r
WhoMadeWho,50Lr1puweM1hFsF1LpIZLM
Wax Tailor,3qwxSif06Qwzykdln8ZGfG
Lanek,7afPAbg5jb45KFUSnHIMFG
Róisín Murphy,3qwabfaWewpfli7hMNM3O8
Lucky Luke,5ee4yhrWOxaxvL77BoVpVR
Underworld,1PXHzxRDiLnjqNrRn2Xbsa
Rebūke,113reBz1jA6rVxbXl55mlj
Paul Kalkbrenner,0rasA5Z5h1ITtHelCpfu9R
Faithless,5T4UKHhr4HGIC0VzdZQtAE
Baauer,25fqWEebq6PoiGQIHIrdtv
Solomun,5wJK4kQAkVGjqM9x46KQOC
Juelz,04p1jV00pBnrmh2rKl0jnT
Sevdaliza,5MraexJKZDrQYzS98kNwie
Boombox Cartel,4m1yRHUMhvB8gKAJTjK4kO
The Crystal Method,5eKLa1xyHLq8ERWmT1CRHj
Ladytron,0ucLPotcQNI7AViFytdhBz
Groove Armada,67tgMwUfnmqzYsNAtnP6YJ
Bibio,0qzzGu8qpbXYpzgV52wOFT
Hot Chip,37uLId6Z5ZXCx19vuruvv5
Ash,4nkuNzBcYGlNmAqFWbHLqS
NITTI,21AUdblPrTRzkvJn8FGrlk
Tricky,6hhA8TKRNryM8FNzqCqdDO
Moderat,2exkZbmNqMKnT8LRWuxWgy
The Herbaliser,1O7aMVbDeSXY2LiVBhb13w
Sneaker Pimps,1EJWNhiYbOyeUHbsS7Kp1P
Warpaint,3AmgGrYHXqgbmZ2yKoIVzO
Autoerotique,3SvCpwSeoWCcjfo8zjPZKB
Guts,5mMkUZv8uUrlH0SHX89BeS
Obskür,29MTNlaVntQaQiDyj8KGwx
SBTRKT,1O10apSOoAPjOu6UhUNmeI
Christian Löffler,3tSvlEzeDnVbQJBTkIA6nO
Jayda G,3NKVm2Jedcf6ibJr6pMUVx
Goldfrapp,5BKsn7SCN2XmbF7apdCpRS
KC Lights,0bUZrFj7rstq07E4iAJHgZ
Fever Ray,5hE6NCoobhyEu6TRSbjOJY
Blockhead,7bHm3B3jJju0q9FUdOgp3b
HEDEGAARD,2ZuweXv0TkfsidZOLZZoM2
RJD2,1O3ZOjqFLEnbpZexcRjocn
The Knife,7eQZTqEMozBcuSubfu52i4
Cut Copy,4EENT7N7rCBwrddM3s0vFS
MEUTE,1z5xbcOeFRQXBVDpvRPh8H
Romare,6d1HqiWNEKV9zFqQM9WeYo
Kraftwerk,0dmPX6ovclgOy8WWJaFEUU
Peter Cat Recording Co.,41Nu7NgAj9rJxjj7JDuXrV
Mogwai,34UhPkLbtFKRq3nmfFgejG
Rovalio,01pFDtbY3k5uOmy0Pbg93C
Télépopmusik,3aKCo8gLJfuPYtr88aWKjF
Miss Monique,29TpNOsTNYbLb6Xa10H0PR
Moksi,5jm3x1qIibWdKSEMw2G011
Lifeformed,1fHiTME799pW2QlBG6yNjV
Totally Enormous Extinct Dinosaurs,0g3NiCRhEv7M4SEDMrpItN
Floating Points,2AR42Ur9PcchQDtEdwkv4L
Flosstradamus,2FmzVitXZjIkFolH8HXd4j
Nosaj Thing,0IVapwlnM3dEOiMsHXsghT
Innellea,71rqI5HtraA3qXBwatyG6e
Shlohmo,6y80I9YZi4DOpbaSUlL725
Soulwax,43mWhBXSflupNLuNjM5vff
Nu,5tY2sa8I11tpMuhU9onQ6e
Moloko,4aaBjq7VqqQvpSF69GglvO
Weval,12tZvy2xFpWSkuJ3FsfisZ
Tosca,0TYvluyvV1Es8lTHiBfnAn
QUIX,19EW4WBhl0fvZUQgi7wV5M
DJ Sliink,0t9dGS12PMZmiJiZa9vpyk
Booka Shade,2CKaDZ1Yo8YnWega9IeUzB
NXSTY,0fVqst4UD6o7SKW6SsWPfU
Orbital,3csPCeXsj2wezyvkRFzvmV
Jean-Michel Jarre,5MhLmv7GgyjbxGqiIGasvT
Datsik,48q2mPVwlKnlSaCx07i6Ta
Haywyre,7aUSp5cOZlwEtd5zPC795k
Monetochka,0yp6xP5xe1qarfugfTixOK
Snavs,4xFadP7L1YVwVSjDDfjKjM
Fabian Mazur,5BBBDm18Y0TCRXZggaOnZG
Squarepusher,4mtHSXwIHihO6MWNq5Qoko
Tomcraft,2E4lzxgBnCEqLawsXeRKWp
Nicola Cruz,0OltT51j3hIkgaDJqqPzDn
Shiny Toy Guns,6UocZe4AprSYBvmn3J0oqY
Ngyn,0W03t1E2FUo9WAMBwhntuL
Leat'eq,1iBxtU5394iPOzmot1FDUD
Nicolas Jaar,5a0etAzO5V26gvlbmHzT9W
Digitalism,2fBURuq7FrlH6z5F92mpOl
Rival Consoles,05lIUgmmsmTX2N9dCKc8rC
UNKLE,2nszamLjZFgu3Yx77mKxuC
Kölsch,2D9Oe8R9UhbMvFAsMJpXj0
CLUBZ,6MoZZABXeQwEmzmcwICxwK
Hooverphonic,5EP020iZcwBqHRnJftibXX
Sleepy Tom,1D9XQXqh4YQfJwX7hyLWwr
Biba Dupont,7vwpKCVjqvSn8RVOhD38g9
DJ Koze,1kR99O4MgSTasyeJh8UFCg
Hudson Mohawke,6olWbKW2VLhFCHfOi0iEDb
Felsmann + Tiley,01OXxPlQj4h9zfK5qjU96P
Jean du Voyage,6tcOJ8DRI6oaFcXgYBCnRc
Chaos In The CBD,0QOQc6jEsPX5Y45TV0hXQy
Holy Fuck,6Q0gMZJNIebNFFaJeonc11
Amon Tobin,3mvkWMe6swnknwscwvGCHO
Ephixa,7xYcJfhrRx9Iv8smhoEibc
E.VAX,12m4a5ljGoe6yyYPpVi7Hr
Kiasmos,6X8lhZ7YaRUBlOsOYimlyD
Oliver Koletzki,1WjBIvYAnZTkTh5UiZNwlR
St Germain,484sZUYmnRXN84zmk3GY1n
Barclay Crenshaw,3uWK9g12Kh4IarZX052vJR
Crazy P,6jOz2B9qeID4dLP1o8bFGf
Cerrone,5SE2sfwTpxL2vXRdG6H5PM
Dwin,00OLN5o0Ba1W6KkjRi5jWd
DJ Tennis,6vJvFV1A2CpT8s5B1oUN6t
Adam Beyer,1btv9qmIpbp7q1ixCYNdHu
Mr. Scruff,2B0PgHZi2zaDqjKe86Gaip
Jody Wisternoff,5gTVJRQmuS88nOhhdHqErL
Kerala Dust,6lK8O3kyFThiTmgowQZGOH
Max Cooper,0WSSKmoRbxqLf3MnXInQ2J
Ross from Friends,1Ma3pJzPIrAyYPNRkp3SUF
Francisca Valenzuela,2piHiUbXwUNNIvYyIOIUKt
Butch,5kLzaeSHrmS7okc5XNE6lv
Joy Orbison,0aIpJqqTLf683ojWREc5lg
Kid Loco,1ViF5mdcW7pEn7md71YjOL
DJ KRUSH,00G1NTDAoU7rBpjG4KoYAM
Vitalic,4M84umUNRbZy1mJleyyRM9
Tiga,5l9wiTZVfqQTfMDOt0HtwC
Hucci,1wJNeTGqvB8WVYak3HC3pk
Alain Goraguer,2yenSHFA1v0ZsCMFWr5N1M
Leon Vynehall,2o7L9DNcmzocYll1o0GGTU
Clark,6kic5bCjlohhDn9KzXbOta
Sailor & I,2RZbJDQz3gwJppZzfbuxTx
Chester Bennington,4P0eS4QK9qeUhqrapGsJKS
Sébastien Tellier,23ymPLjbtAMzTJS2qRtQ8Z
OVERWERK,2f9PTWJfMMDTAFZcvHy1Z5
DJ Dark,5IRiBpTO8LDFHarNWYVkdn
Space Motion,1k7iyyK6j5IJzF0cUMcaGY
The Rapture,166Dz1GX3xonSQ3Z6CQW26
SLUMBERJACK,55BFQS36sJYz2B0ClypIvS
PAAX (Tulum),44f1ZKVW8Zh13oCOGGTiFd
Stavroz,7su1fG75ZwXHA6ei9Zcy7T
4B,0LIl9fjMPEZp8UDiL8Yuo4
Cassius,4sf3QZW8a3xZ14IGsOAzoy
Ottawan,4FPjAd9hBB9iaiq8qCkNf7
AIGEL,1gpjSKJC0UekvhaI8fAcoq
The Orb,5HAtRoEPUvGSA7ziTGB1cF
Dream Chaos,3b2q69EvD3tLQDKiYSd5uo
Susumu Yokota,3ND5NWoKzlelYDDyWqSQpQ
Murcof,0liG9qD19eWrt5Ur4cnsYd
LOUTA,5l4GdLELvdnXZVT5g947i3
GSPD,1K21aU29xAqoKoqbFgpPUt
Teddybears,3gqv1kgivAc92KnUm4elKv
Otnicka,3tSmEw5WMGAZ6sxt9Dt3Nt
Raiden,4YXNoMVTHRt01jYaKXTumJ
Drake,3TVXtAsR1Inumwj472S9r4
Kanye West,5K4W6rqBFWDnAN6FQUkS6x
Travis Scott,0Y5tJX1MQlPlqiwlOH1tJY
21 Savage,1URnnhqYAYcrqrcwql10ft
Future,1RyvyyTE3xzB2ZywiAwp0i
Kendrick Lamar,2YZyLoL8N0Wb9xBt1NhZWg
Ty Dolla $ign,7c0XG5cIJTrrAgEC3ULPiq
Playboi Carti,699OTQXzgjhIYAHMy9RyPD
Lil Baby,5f7VJjfbwm532GiveGC0ZK
Metro Boomin,0iEtIxbK0KxaSlF7G42ZOp
$uicideboy$,1VPmR4DJC1PlOtd0IADAO0
Eminem,7dGJo4pcD2V6oG8kP0tJRR
J. Cole,6l3HvQ5sa6mXTsMTB19rO5
Lil Wayne,55Aa2cqylxrFIXC767Z865
Nicki Minaj,0hCNtLu0JehylgoiP8L4Gh
Lil Uzi Vert,4O15NlyKLIASxsJ0PrXPfz
"Tyler, The Creator",4V8LLVI7PbaPR0K2TGSxFF
Frank Ocean,2h93pZq0e7k5yf4dywlkpM
XXXTENTACION,15UsOTVnJzReFVN1VCnxy4
Gunna,2hlmm7s2ICUX0LVIhVFlZQ
Young Thug,50co4Is1HCEo8bhOyUWKpn
Lil Durk,3hcs9uc56yIGFCSy9leWe7
Bryson Tiller,2EMAnMvWE2eb56ToJVfCWs
Mac Miller,4LLpKhyESsyAXpc4laK94U
A$AP Rocky,13ubrt8QOOCPljQ2FL1Kca
Kodak Black,46SHBwWsqBkxI7EeeBEQG7
JAY-Z,3nFkdlSjzX9mRTtwJOzDYB
Lil Peep,2kCcBybjl3SAtIcwdWpUe3
Lil Yachty,6icQOAFXDZKsumw3YXyusw
Kid Cudi,0fA0VVWsXO9YnASrzqfmYu
Jack Harlow,2LIk90788K0zvyj2JJVwkJ
Jelly Roll,19k8AgwwTSxeaxkOuCQEJs
BigXthaPlug,6qxpnaukVayrQn6ViNvu9I
Tory Lanez,2jku7tDXc6XoB6MO2hFuqg
Key Glock,0RESbWvOMyua0yuyVrztJ5
NLE Choppa,0ErzCpIMyLcjPiwT4elrtZ
Offset,4DdkRBBYG6Yk9Ka8tdJ9BW
DaBaby,4r63FhuTkUYltbVAg5TQnk
50 Cent,3q7HBObVc0L8jNeTe5Gofh
Daddy Yankee,4VMYDCV2IEDYJArk749S6m
Rich The Kid,1pPmIToKXyGdsCF6LmqLmI
Childish Gambino,73sIBHcqh3Z3NyqHKZ7FOL
Snoop Dogg,7hJcb9fa4alzcOq3EaNPoG
Wiz Khalifa,137W8MRPWKqSmrBGDBFSop
NF,6fOMl44jA4Sp5b9PpYCkzz
Chief Keef,15iVAtD3s3FsQR4w1v6M0P
Moneybagg Yo,3tJoFztHeIJkJWMrx0td2f
Baby Keem,5SXuuuRpukkTvsLuUknva1
The Kid LAROI,2tIP7SsRs7vjIcLrU85W8J
JID,6U3ybJ9UHNKEdsH7ktGBZ7
Gucci Mane,13y7CgLHjMVRMDqxdx0Xdo
Romeo Santos,5lwmRuXgjX8xIwlnauTZIP
Quavo,0VRj0yCOv2FXJNP47XQnx5
mgk,6TIYQ3jFPwQSRmorSezPxX
Dr. Dre,6DPYiyq5kWVQS4RGwxzPC7
2Pac,1ZwdS5xdxEREPySFridCfh
Don Omar,33ScadVnbm2X8kkUqOkC6Z
2 Chainz,17lzZA2AlOHwCwFALHttmp
Migos,6oMuImdp5ZcFhWP0ESe6mG
Rick Ross,1sBkRIssrMs1AbVkOJbc7a
ScHoolboy Q,5IcR3N7QB1j6KBL8eImZ8m
Arcángel,4SsVbpTthjScTS7U2hmr1X
Kevin Gates,1gPhS1zisyXr5dHTYZyiMe
Big Sean,0c173mlxpT3dSFRgMO8XPh
Gorillaz,3AA28KZvwAUcZuOKwyblJQ
Young Dolph,3HiuzBlSW7pGDXlSFMhO2g
Russ,1z7b1Pr1rSlvWRzsW3HOrS
Tyga,5LHRHt1k9lMyONurDHEdrp
Aventura,1qto4hHid1P71emI6Fd8xi
The Notorious B.I.G.,5me0Irg2ANcsgc93uaYrpb
MF DOOM,2pAWfrd7WFF3XhVt9GooDL
Meek Mill,20sxb77xiYeusSH8cVdatc
Anderson .Paak,3jK9MiCrA42lLAdMGUZpwa
Bizarrap,716NhGYqD1jl2wI1Qkgq36
T.I.,4OBJLual30L7gRl5UkeRcT
Ski Mask The Slump God,2rhFzFmezpnW82MNqEKVry
G-Eazy,02kJSzxNuaWGqwubyUba0Z
Logic,4xRYI6VqpkE3UwrDrAZL8L
Outkast,1G9G7WwrXka3Z1r7aIDjI7
DJ Khaled,0QHgL1lAIqAw0HtD7YldmP
42 Dugg,45gHcnDnMC15sgx3VL7ROG
Xavier Wulf,3uo0ix4Y67XHVWBhXXIY1S
Jeremih,3KV3p5EY4AvKxOlhGHORLg
BabyTron,0sKsReKseslDlhxmbN6wLk
French Montana,6vXTefBL93Dj5IqAWq6OTv
Nicky Jam,1SupJlEpv7RS2tPNRaHViT
Jeezy,4yBK75WVCQXej1p04GWqxH
YG,0A0FS04o6zMoto8OKPsDwY
Chance the Rapper,1anyVhU62p31KFi8MEzkbf
Macklemore,3JhNCzhSMTxs9WLGJJxWOY
Nate Dogg,1Oa0bMld0A3u5OTYfMzp5h
Joey Bada$$,2P5sC9cVZDToPxyomzF1UH
6LACK,4IVAbR2w4JJNJDDRFP3E83
Wizkid,3tVQdUvClmAT7URs9V3rsp
Pusha T,0ONHkAv9pCAFxb0zJwDNTy
Juicy J,5gCRApTajqwbnHHPbr2Fpi
Tee Grizzley,6AUl0ykLLpvTktob97x9hO
NAV,7rkW85dBwwrJtlHRDkJDAC
Ice Cube,3Mcii5XWf6E0lrY3Uky4cA
Santa Fe Klan,4tm8CEdm4pkQsEh4jIr9Yp
Lil Nas X,7jVv8c5Fj3E9VhNjxT4snq
Daveed Diggs,3twuAojvYNrlWZpMkxLm3P
Pooh Shiesty,5F1aAS1duwlzExnPs3l2Xe
Prince Royce,3MHaV05u0io8fQbZ2XPtlC
Lefty Sm,6eXHRfK9Ad3IpMpSAqvcDf
Nas,20qISvAhX20dpIbOOzGK3q
Money Man,3Rx4PJ7SP6unkOk5elPUK7
The Alchemist,0eVyjRhzZKke2KFYTcDkeu
Rae Sremmurd,7iZtZyCzp3LItcw1wtPI3D
Yandel,0eHQ9o50hj6ZDNBt6Ys1sD
Ms. Lauryn Hill,2Mu5NfyYm8n5iTomuKAEHl
Darell,1TtXnWcUs0FCkaZDPGYHdf
Mustard,0YinUQ50QDB7ZxSCLyQ40k
Nardo Wick,0Njy6yR9LykNKYg9yE23QN
Duki,1bAftSH8umNcGZ0uyV7LMg
Fetty Wap,6PXS4YHDkKvl1wkIl4V8DL
Pouya,4nXOZlYoAD67hF9aUEncMY
La Santa Grifa,1oH2B8tcHn4Gpl2bmmyd4A
Jay Rock,28ExwzUQsvgJooOI0X1mr3
Wale,67nwj3Y5sZQLl72VNUHEYE
Denzel Curry,6fxyWrfmjcbj5d12gXeiNV
Jamie Foxx,7LnaAXbDVIL75IVPnndf7w
Earl Sweatshirt,3A5tHz1SfngyOZM2gItYKu
Nicki Nicole,2UZIAOlrnyZmyzt1nuXr9y
Joyner Lucas,6C1ohJrd5VydigQtaGy5Wa
Isaiah Rashad,6aaMZ3fcfLv4tEbmY7bjRM
A$AP Ferg,5dHt1vcEm9qb8fCyLcB3HL
Rels B,2IMZYfNi21MGqxopj9fWx8
Beastie Boys,03r4iKL2g2442PT9n2UKsx
Rio Da Yung Og,6O1vRHWVGKJTnWuJmItnsx
Lizzo,56oDRnqbIiwx4mymNEv7dS
Tech N9ne,6UBA15slIuadJ8h2lPRPos
Cartel De Santa,07PdYoE4jVRF6Ut40GgVSP
Anirudh Ravichander,4zCH9qm4R2DADamUHMCa6O
Baby Smoove,15oLsNy8mZYaIukh4eDhXy
Rage Against The Machine,2d0hyoQ5ynDBnkvAbJKORj
DMX,1HwM5zlC5qNWhJtM00yXzG
Macklemore & Ryan Lewis,5BcAKTbp20cv7tC5VqPFoC
Mike WiLL Made-It,0NWbwDZY1VkRqFafuQm6wk
Busta Rhymes,1YfEcTuGvBQ8xSD1f53UnK
Project Pat,08Ld63UgKrJ0nZnCkzHtzc
Takeoff,3EW0kQ1skZiK1NHg3Spt9J
Dave,6Ip8FS7vWT1uKkJSweANQK
bbno$,41X1TR6hrK8Q2ZCpp2EqCz
$NOT,5IbEL2xjRtKsunfmsahLuO
E-40,3crnzLy8R4lVwaigKEOz7V
The Game,0NbfKEOTQCcwd6o7wSDOHI
EST Gee,4FlG0V0jhLO4qGpayFOphj
Yung Gravy,2YOYua8FpudSEiB9s88IgQ
TobyMac,5VX8hxrcfJWwaTLiqGUHG3
Method Man,4VmEWwd8y9MCLwexFMdpwt
GloRilla,2qoQgPAilErOKCwE2Y8wOG
Dreamville,1iNqsUDUraNWrj00bqssQG
Babyface Ray,3zZ88AwlTwfCJkowsFCvLA
Lecrae,1CFCsEqKrCyvAFKOATQHiW
Nipsey Hussle,0EeQBlQJFiAfJeVN2vT9s0
Jacquees,4tMm1dU6Gn04VAZ9ClHcIZ
Vince Staples,68kEuyFKyqrdQQLLsmiatm
Westside Gunn,0ABk515kENDyATUdpCKVfW
Tom MacDonald,6DvlemMOlMH6VD9tB7BPRf
Oliver Tree,6TLwD7HPWuiOzvXEa3oCNe
Toosii,6BH1xcDkwbbyrLMUKECsW1
Clams Casino,5vSQUyT33qxr1xAX2Tkf3A
Dax,5icKdCmMhNMYoAzVBAWt39
DeJ Loaf,7kFfY4UjNdNyaeUgLIEbIF
Majid Jordan,4HzKw8XcD0piJmDrrPRCYk
Boosie Badazz,6z7xFFHxYkE9t8bwIF0Bvg
Aminé,3Gm5F95VdRxW3mqCn8RPBJ
KAYTRANADA,6qgnBH6iDM91ipVXv28OMu
Night Lovell,2y246nnP9pQT0E6v3ZMMOO
Madlib,5LhTec3c7dcqBvpLRWbMcf
Tornillo,5OGraDcSkO4oTWthkm77WL
Gera MX,2hejA1Dkf8v8R0koF44FvW
Yo Gotti,6Ha4aES39QiVjR0L2lwuwq
Waka Flocka Flame,6f4XkbvYlXMH0QgVRzW0sM
D-Block Europe,5VadK1havLhK1OpKYsXv9y
Veeze,0B3kMiB21aPQlKumGDr4c7
El Makabelico,0rJ0xlAQI0wLRucDRoQQbO
Bone Thugs-N-Harmony,5spEJXLwD1sKUdC2bnOHPg
Skepta,2p1fiYHYiXz9qi0JJyxBzN
Killer Mike,2N4EYkIlG1kv25g6Wv8LGI
A Tribe Called Quest,09hVIj6vWgoCDtT03h8ZCa
Cordae,0huGjMyP507tBCARyzSkrv
Lupe Fiasco,01QTIT5P1pFP3QnnFSdsJf
Raekwon,2yQf6b8hxahZaT5dHlWaB1
Lloyd,1Xfmvd48oOhEWkscWyEbh9
Bakar,3K2Srho6NCF3o9MswGR76H
Freddie Gibbs,0Y4inQK6OespitzD6ijMwb
Big Scarr,579LsvZcRVKtToYjS0tkKz
Three 6 Mafia,26s8LSolLfCIY88ysQbIuT
Cosculluela,00me4Ke1LsvMxt5kydlMyU
Trueno,2x7PC78TmgqpEIjaGAZ0Oz
Canserbero,1wGIhYkKWSq4yACtTkCkSX
JayDaYoungan,0E3pLs4jXz9tDQGY8m1A1d
Bas,70gP6Ry4Uo0Yx6uzPIdaiJ
Fabolous,0YWxKQj2Go9CGHCp77UOyy
Wu-Tang Clan,34EP7KEpOjXcM2TCat1ISk
Rich Homie Quan,5lHRUCqkQZCIWeX7xG4sYT
Hev Abi,4zpGxqF6oI1h3f6Md2v42T
Tego Calderón,3SUT1jjM5hzZj9TLfLZGIP
Jul,3IW7ScrzXmPvZhB27hmfgy
KHEA,4m6ubhNsdwF4psNf3R8kwR
Davido,0Y3agQaa6g2r0YmHPOO9rh
André 3000,74V3dE1a51skRkdII8y2C6
South Park Mexican,4kKaAWGdu6WW0W415RWaQA
KB,77IKXFvO7SpWrq8hflrUXc
Fat Joe,3ScY9CQxNLQei8Umvpx5g6
Janelle Monáe,6ueGR6SWhUJfvEhqkvMsVs
Bladee,2xvtxDNInKDV4AvGmjw6d1
BIG30,4nZmMrwH6LxHnCzQv4IFUE
The-Dream,1W3FSF1BLpY3hlVIgvenLz
Rich Brian,2IDLDx25HU1nQMKde4n61a
Chris Travis,6TxY5T8v9RjF7Ry4XQvWT5
Lil Double 0,4uKEP0JYfpFtngWlgViewd
Yung Joc,23LbwefIODbyGdRbAz3urj
C-Kan,1QhaqxeqF9sipS2gwbEKpu
Shy Glizzy,1DvtabXAjfrMihPP6JQdHs
EARTHGANG,5MbNzCW3qokGyoo9giHA3V
Alemán,4QFG9KrGWEbr6hNA58CAqE
Eazy-E,7B4hKK0S9QYnaoqa9OuwgX
Too $hort,4sb7rZNN93BSS6Gqgepo4v
Ying Yang Twins,44PA0rCQXikgOWbfY7Fq7m
Ghostface Killah,6FD0unjzGQhX3b6eMccMJe
Karan Aujla,6DARBhWbfcS9E4yJzcliqQ
Sfera Ebbasta,23TFHmajVfBtlRx5MXqgoz
Yung Lean,67lytN32YpUxiSeWlKfHJ3
Lil Jon & The East Side Boyz,3ciRvbBIVz9fBoPbtSYq4x
Mozzy,4AA474G2hRfrHyGrfyDseO
Benny The Butcher,5Matrg5du62bXwer29cU5T
CeeLo Green,5nLYd9ST4Cnwy6NHaCxbj8
Sidhu Moose Wala,4PULA4EFzYTrxYvOVlwpiQ
FISHER,1VJ0briNOlXRtJUAzoUJdt
Dom Dolla,205i7E8fNVfojowcQSfK9m
FKJ,2FwDTncULUnmANIh7qKa5z
SAINt JHN,0H39MdGGX6dbnnQPt6NQkZ
Purple Disco Machine,2WBJQGf1bT1kxuoqziH5g4
HUGEL,5PlfkPxwCpRRWQJBxCa0By
Peggy Gou,2mLA48B366zkELXYx7hcDN
Stromae,5j4HeCoUlzhfWtjAfM1acR
Emmit Fenn,3VVLqeEqQQqTgT8YhfY9Z6
Anyma,4iBwchw0U0GZv5RfVYSMxN
Disco Lines,5Kmr0b3ip8g9P2i0dLTC3Z
Azealia Banks,7gRhy3MIPHQo5CXYfWaw9I
BUNT.,2CpLIMBoE2ZzyY3ZBCRZ7j
Lavern,03y4yOxhLk6MDJ1bV424uO
Bob Sinclar,5YFS41yoX0YuFY39fq21oN
Matt Sassari,21dVknSLCsK37cWozWDZZS
Mau P,0w1sbtZVQoK6GzV4A4OkCv
RSCL,5pkU7zjIzHgfN1n91e51r3
Tinlicker,5EmEZjq8eHEC6qFnT63Lza
Edward Maya,6XwwFnewNgWp81MYMK8zLq
Lane 8,27gtK7m9vYwCyJ04zz0kIb
Bakermat,3MyFDtqB80WZvbtCZRsekM
LP Giobbi,3oKnyRhYWzNsTiss5n4Z1J
La Bouche,488v7rQzthLNK22r0UvMie
Modjo,0AkpPlFLnr0VQwZQeMGht0
Ben Böhmer,5tDjiBYUsTqzd0RkTZxK7u
Aaron Smith,77qukKzmdI5BeMBR7WGUrN
LUM!X,0TKFPt9w0AAEnhB9bd0pLy
Black Coffee,6wMr4zKPrrR0UVz08WtUWc
it's murph,3zW0xazqnHoq9QV9zBROVC
VIZE,09agIJMxCD2k87ys9Al0f0
Kx5,2avRYQUWQpIkzJOEkf0MdY
Vandelux,2rdSCmWgrIWA8pmwhS1T2k
Marnik,6S3KljEiIOWoLMUyZrkQUc
K-391,6pWcSL9wSJZQ9ne0TnhdWr
Odd Mob,4qLwtWhlhyAoQ4S9mSrDW9
Kavinsky,0UF7XLthtbSF2Eur7559oV
Disciples,5EehXjjMktLuJmbRsM7YfB
Besomorph,619CzMJPPWrCeZwx5qw6ko
Braaheim,5yczwlOmRZG3wUEtvLiGBg
Niklas Dee,1ZPGzmbFTn8GRjqTqnLiFE
Chris Lorenzo,7tm9Tuc70geXOOyKhtZHIj
Broiler,3836OTICMPjhTMMcpPw4EC
Mike Perry,6lB8vOoI4DRrrVxXwuV19c
berlioz,3k3RY7kR8f0vp8Cq27P141
Eliza Rose,4XC335ouK6pXyq4QiIb8bP
Eli Brown,5lVNSw2GPci8kebrAQpZqU
Crystal Waters,2sd9Q3r0Jhqpe3w9WVuG43
Noizu,3VRyybsQu0MDG0F2LBxnv7
IC3PEAK,3luonLzvSOxdU8ytCaEIK8
TWOPILOTS,6tV2P2SciHytsSDufKr57B
HVME,2o08sCWF5yyo2G4DCiT7T9
Nora En Pure,24DO0PijjITGIEWsO8XaPs
Never Dull,2u3rmzZC0psTER2sDfUebm
Barry Can't Swim,0vTVU0KH0CVzijsoKGsTPl
Deepend,0uGApGjjFXKwUOAqYBeX7B
Sidewalks and Skeletons,48nHO1cuTbpx4ELhChsxX1
Armand Van Helden,3cQA9WH8liZfeja1DxcDYE
NEIMY,71Dhj822M1LGpuryPIV2KO
Alan Braxe,24JRvbKfTcF2x7c2kCCJrW
Sammy Virji,1GuqTQbuixFHD6eBkFwVcb
Helsloot,6dC41opH96WjFwWhhAxBsS
Hayden James,4csQIMQm6vI2A2SCVDuM2z
Kenny Dope,1TrfxjXu8quyDw05p2bacX
LIZOT,12A83CWwFiyXy90ScLWPIe
Kayzo,72iCiKwu6nu6Qq9emIwzYv
J. Worra,4q0N3EI67tVnAeeaXbNQIj
Jitwam,3yg8VEfEzpr8T9NkiEsycS
Sante Sansone,5fAwPpS78sokZdpktoSUE8
Chromeo,2mV8aJphiSHYJf43DxL7Gt
Thomas Bangalter,41vv2Tj1knysv6MuFUmdwi
RuPaul,2SdOKxC1sSxEyv8JYERaNe
Julia Church,4dHGNdVhBxCJUyMk9dR727
Benjamin Diamond,2XOvFG8pp1XAV1V6ZJABim
Cloonee,7MdlXmq2HViAJWo9cf30sR
Stardust,2w7IutHv5g4e8LumrwtjWR
Madism,5UUdxfBMwm0hLlLgnZtBFv
Le Youth,1Zz6NBe8UIZjm88TvehFtx
Nils Hoffmann,6sOEMfvCfHQ9dhSWyamXVb
Nightcrawlers,1gALaWbNDnwS2ECV09sn2A
Westend,4epc3Bd0DOBA0kDywkRAsu
Ship Wrek,1ic0FHNGIjXZAWH6O6Reif
ANOTR,4p5WgeiPSPpqPDs7T6OkWf
Tungevaag,49CE2ffZ6Z3zeYSDauSKck
MC Hammer,2rblp9fJo16ZPTcKDtlmKW
Claptone,4mncDFjVLUa3s025Tct3Ry
Darius,5vfEaoOBcK0Lzr07WN8KaK
Biscits,052B9SONfhoScw7dgYWw5o
Nora Van Elken,04m3oUGzjO3EJTQidFzTgM
MELON,12nEr6QOfSKkiTXjEp8tBB
SNAP!,2FrKQPjJe4pVMZOgm0ESOx
Technotronic,2Cd98zHVdZeOCisc6Gi2sB
Jamie Jones,4admDxmnri5Zco0xYrJ0ji
Jan Blomqvist,5wMlMjOLeJfS5DfxqGfm83
Corona,26T6b8maqEVltcmE4kSDUl
Klangkarussell,041iTeoMIwXMlShuQPIVKo
Rampa,08jywfUS0hp8XYlYs0cvz8
Adam Port,2loEsOijJ6XiGzWYFXMIRk
Route 94,1dgdvbogmctybPrGEcnYf6
Young MC,5n30a5V4ftXNMHCHChmK2h
Boris Brejcha,6caPJFLv1wesmM7gwK1ACy
Eli & Fur,5CkVLGKUJkIc1pmSk10QP4
Will Sparks,1u7OVFmWah4wQhOPIbUb8U
Alle Farben,61ipISvUVa5LkJlKZnm3Oo
Interplanetary Criminal,6uJ51uV5rYzu1MJkC4CceI
Brendan Mills,3TjFefusAoJFMiB3hrsRDE
&ME,5mIowAJMp7RKNheelruV5z
Deee-Lite,4eQJIXFEujzhTVVS1gIfu5
Parra for Cuva,238y1dKPtMeFEpX3Y6H1Vr
Quarterhead,2h6hAChW74hB9HvrNoK1RY
Keinemusik,26WKgv73kRHD0gEDKD1i8j
Mr. Oizo,0b9ukmbg0MO5eMlorcgOwz
Robin S,2WvLeseDGPX1slhmxI59G3
Rolipso,1EtBmvqGOtWnjDgCUFQRqI
Forester,3d13oWvwmjcodRr3NzdArc
Proyecto Uno,6w1XCiB8efbfnusJ2jzmvu
Monolink,2I4hRNCYkPKJQlkoEZKjYx
BLOND:ISH,6zsJjoCtL1WByG0VsuFWzR
Paradigm,6WamMeXO2jN9tUYxSBUclQ
Kris Kross Amsterdam,4LcUpNlXFEleaLlelmkv2R
Noah Kahan,2RQXRUsr4IW1f3mKyKsy4B
Hozier,2FXC3k01G6Gw61bmprjgqS
Mitski,2uYWxilOVlUdk4oV9DvwqK
TV Girl,0Y6dVaC9DZtPNH4591M42W
Arctic Monkeys,7Ln80lUS6He07XvHI8qqHH
Tyler Childers,13ZEDW6vyBF12HYcZRr4EV
Cigarettes After Sex,1QAJqy2dA3ihHBFIHRphZj
Deftones,6Ghvu1VvMGScGpOUJBAHNH
Twenty One Pilots,3YQKmKGau1PzlVlkL1iodx
Radiohead,4Z8W4fKeB5YxbusRsdQVPb
Phoebe Bridgers,1r1uxoy19fzMxunt3ONAkG
Conan Gray,4Uc8Dsxct0oMqx0P6i60ea
Djo,5p9HO3XC5P3BLxJs5Mtrhm
Clairo,3l0CmX0FuQjFxr8SK7Vqag
Dominic Fike,6USv9qhCn6zfxlBQIYJ9qs
My Chemical Romance,7FBcuc1gsnv6Y1nwFtNRCb
beabadoobee,35l9BRT7MXmM8bv2WDQiyB
Cage The Elephant,26T3LtbuGT1Fu9m0eRq5X3
Alex G,6lcwlkAjBPSKnFBZjjZFJs
Bon Iver,4LEiUm1SRbFMgfqnQTwUbQ
Eyedress,3XxNRirzbjfLdDli06zMaB
AJR,6s22t5Y3prQHyaHWUN1R1C
MGMT,0SwO7SWeDHJijQ3XNS7xEE
JVKE,164Uj4eKjl6zTBKfJLFKKK
Faye Webster,5szilpXHcwOqnyKLqGco5j
Ellie Goulding,0X2BH1fck6amBIoJhDVmmJ
Hotel Ugly,35WVTyRnKAoaGExqgktVyb
Glass Animals,4yvcSjfu4PC0CYQyLy4wSq
The 1975,3mIj9lX2MWuHmhNCA7LSCW
Labrinth,2feDdbD5araYcm6JhFHHw7
Lord Huron,6ltzsmQQbmdoHHbLZ4ZN25
Lizzy McAlpine,1GmsPCcpKgF9OhlNXjOsbS
Alec Benjamin,5IH6FPUwQTxPSXurCrcIov
Colter Wall,3xYXYzm9H3RzyQgBrYwIcx
Vacations,0U7iI0Dk4Ojvi17nZboNO4
Måneskin,0lAWpj5szCSwM4rUMHYmrr
The Black Keys,7mnBLXK823vNxN3UWB7Gfz
girl in red,3uwAm6vQy7kWPS2bciKWx9
Maggie Rogers,4NZvixzsSefsNiIqXn0NDe
Gregory Alan Isakov,5sXaGoRLSpd7VeyZrLkKwt
Caamp,0wyMPXGfOuQzNR54ujR9Ix
Rainbow Kitten Surprise,4hz8tIajF2INpgM0qzPJz2
Beach House,56ZTgzPBDge0OvCGgMO3OY
Lucy Dacus,07D1Bjaof0NFlU32KXiqUP
Mother Mother,0e86yPdC41PGRkLp2Q1Bph
Men I Trust,3zmfs9cQwzJl575W1ZYXeT
Father John Misty,2kGBy2WHvF0VdZyqiVCkDT
Thundercat,4frXpPxQQZwbCu3eTGnZEw
Chappell Roan,7GlBOeep6PqTfFi59PTUUN
Wallows,0NIPkIjTV8mB795yEIiPYL
Julien Baker,12zbUHbPHL5DGuJtiUfsip
boygenius,1hLiboQ98IQWhpKeP9vRFw
Khruangbin,2mVVjNmdjXZZDvhgQWiakk
Muni Long,7tjVFCxJdwT4NdrTmjyjQ6
The Marías,2sSGPbdZJkaSE2AbcGOACx
Bleachers,2eam0iDomRHGBypaDQLwWI
Cavetown,2hR4h1Cao2ueuI7Cx9c7V8
The Living Tombstone,0I6yADrmeyvw66g7yjkqIF
WILLOW,3rWZHrfrsPBxVy692yAIxF
Jungle,59oA5WbbQvomJz2BuRG071
Toby Fox,57DlMWmbVIf2ssJ8QBpBau
MARINA,6CwfuxIqcltXDGjfZsMd9A
Masego,3ycxRkcZ67ALN3GQJ57Vig
Current Joys,0m5FakHKCQdA7UN0PIzMcL
Foster The People,7gP3bB2nilZXLfPHJhMdvc
Novo Amor,0rZp7G3gIH6WkyeXbrZnGi
salvia palth,0pg0Zm8FsGAYy5kdHuBnSo
The Backseat Lovers,6p2HnfM955TI1bX34dkLnI
Cults,3Oim8XBPbznAa8Jj8QzNc8
Still Woozy,4iMO20EPodreIaEl8qW66y
The Paper Kites,79hrYiudVcFyyxyJW0ipTy
Matt Maltese,12j6dJrPXanCBwY599pZxf
The Walters,027TpXKGwdXP7iwbjUSpV8
James Blake,53KwLdlmrlCelAZMaLVZqU
Sufjan Stevens,4MXUO7sVCaFgFjoTI5ox5c
R.E.M.,4KWTAlx2RvbpseOGMEmROg
Fitz and The Tantrums,4AcHt3JxKy59IX7JNNlZn4
Suki Waterhouse,5GGJosGMs08YEmKTZJe1fL
Bo Burnham,2Waw2sSbqvAwK8NwACNjVo
Vampire Weekend,5BvJzeQpmsdsFp4HGUYUEx
Big Thief,5QdyldG4Fl4TPiOIeMNpBZ
Phil Wickham,5d1JhBfyb58upMXCZOdbQu
Two Door Cinema Club,536BYVgOnRky0xjsPT96zl
Vansire,6ft7JnxMyZhp7N52qzHymY
Pinegrove,2gbT6GPXMis0OAkZbEQCYB
Steven Universe,4rF7c8zpCKzuSXohs2HIpA
SYML,6AyATGg7mDgBlZ4N5uNog0
Beach Bunny,2vnB6tuQMaQpORiRdvXF9H
alt-J,3XHO7cRUPCLOr6jwp8vsx5
bôa,5jTtGLk1mGFMY5lQOvJYUj
BØRNS,1KP6TWI40m7p3QBTU6u2xo
GROUPLOVE,3kVUvbeRdcrqQ3oHk5hPdx
Ricky Montgomery,0ZUvK7zGdXLd78mQr3t1Tw
Patrick Watson,7bPs6jf983f0bjRAt1yxDM
for KING & COUNTRY,3sDbKMebVH2VYcRSl7u1VC
Paul Russell,4zoRNhOhsGX3w8yBAnFSQ8
Modest Mouse,1yAwtBaoHLEDWAnWR87hBT
Brandi Carlile,2sG4zTOLvjKG1PSoOyf5Ej
Kevin Kaarl,6OBGbSaBUvQtk9wpQfDbOE
mike.,5G9kmDLg3OeUyj8KVBLzbu
Owl City,07QEuhtrNmmZ0zEcqE9SF6
Young the Giant,4j56EQDQu5XnL7R3E9iFJT
Neon Trees,0RpddSzUHfncUWNJXKOsjy
Rio Romeo,22y08IZx7u6SWpsfap1Cub
M83,63MQldklfxkjYDoUE4Tppz
CORPSE,7yntSJ6uojO3z6GFUVwhAW
Surf Curse,1gl0S9pS0Zw0qfa14rDD3D
Tally Hall,7lqaPghwYv2mE9baz5XQmL
Dance Gavin Dance,6guC9FqvlVboSKTI77NG2k
Declan McKenna,2D4FOOOtWycb3Aw9nY5n3c
NEEDTOBREATHE,610EjgFatGvVPtib97jQ8G
Natalia Lafourcade,1hcdI2N1023RvSwLzTtdsp
Quinn XCII,3ApUX1o6oSz321MMECyIYd
KALEO,7jdFEYD2LTYjfwxOdlVjmc
The Score,2q3GG88dVwuQPF4FmySr9I
MercyMe,6APm8EjxOHSYM5B4i3vT3q
Elliott Smith,2ApaG60P4r0yhBoDCGD8YG
Jack Stauber's Micropop,1yNIb413Bmfs2ZBVuPp9kC
Beach Weather,7I3bkknknQkIiatWiupQgD
Mikky Ekko,1buzCmyYZE4kcdLRudsb8V
Jon Bellion,50JJSqHUf2RQ9xsHs0KMHg
Bryce Vine,1ShZZUjkbXCjhwrb18BA8I
Two Feet,5sWHDYs0csV6RS48xBl0tH
Liana Flores,5zVu34ozw0BzXIcNHqkO0u
M.I.A.,0QJIPDAEDILuo8AIq3pMuU
Portugal. The Man,4kI8Ie27vjvonwaB2ePh8T
YUNGBLUD,6Ad91Jof8Niiw0lGLLi3NW
Her's,77mJc3M7ZT5oOVM7gNdXim
Ratatat,57dN52uHvrHOxijzpIgu3E
FINNEAS,37M5pPGs6V1fchFJSgCguX
Cafuné,581C5Qwl87TskfBEzuoisu
The Head And The Heart,0n94vC3S9c3mb2HyNAOcjg
Remi Wolf,0NB5HROxc8dDBXpkIi1v3d
Humbe,1b7AEdUSudOQoZF5ebUxCL
Fleet Foxes,4EVpmkEwrLYEg6jIsiPMIb
Dayglow,6eJa3zG1QZLRB3xgRuyxbm
The National,2cCUtGK9sDU2EoElnk0GNB
Cocteau Twins,5Wabl1lPdNOeIn0SQ5A1mp
Death Cab for Cutie,0YrtvWJMgSdVrk3SfNjTbx
Lake Street Dive,3nuc29fYGlQbIrwh4yrNWd
New West,69bG9tC62d8oTFC9aTTosn
Lil Dicky,1tqhsYv8yBBdwANFNzHtcr
Matt Maeson,7gHscNMDI8FF8pcgrV8eIn
Adrianne Lenker,4aKWmkWAKviFlyvHYPTNQY
Roar,7dIpKWlEeAljA20vFJ82RD
KYLE,4qBgvVog0wzW75IQ48mU7v
Free Nationals,4596e2d3KmYzAeVenjCxfj
CAKE,6A43Djmhbe9100UwnI7epV
I DONT KNOW HOW BUT THEY FOUND ME,0Raaw7kr1Vzat4ZvHzjsJR
Ethel Cain,0avMDS4HyoCEP6RqZJWpY2
The Temper Trap,4W48hZAnAHVOC2c8WH8pcq
Iron & Wine,4M5nCE77Qaxayuhp3fVn4V
Ray LaMontagne,6DoH7ywD5BcQvjloe9OcIj
Vundabar,1W4itxt3vwhmrgLEBuVHJ6
Goth Babe,7o96HO2zrujyATtVsqGhh3
Peach Pit,6fC2AcsQtd9h4BWELbbire
Tai Verdes,2kCO8LXN1usaOPL3iEE28I
Dent May,34me8hAxavRmcDIwhxa3b7
Sir Chloe,6rniTPs9zN26kYnkPdFl1U
Dr. Dog,4mLJ3XfOM5FPjSAWdQ2Jk7
Phantogram,1l9d7B8W0IHy3LqWsxP2SH
HAIM,4Ui2kfOqGujY81UcPrb5KE
Sam Fender,6zlR5ttMfMNmwf2lecU9Cc
Hollow Coves,7IAFAOtc9kTYNTizhLSWM6
The Shins,4LG4Bs1Gadht7TCrMytQUO
Lemon Demon,4llAOeA6kEF4ytaB2fsmcW
The Avett Brothers,196lKsA13K3keVXMDFK66q
Lovejoy,33tFkBLsl6f8TjKkV0uF0C
The Rare Occasions,1QfpRUtH14JLoY6F6AYmwt
Briston Maroney,7vtSUU3zpHeYJfX6BPNrJd
The Front Bottoms,5ictveRyhWRs8Gt8Dvt1hS
COIN,0ZxZlO7oWCSYMXhehpyMvE
mxmtoon,0HthCchcL0kVLHTr113Vk1
NEIL FRANCES,587PA35pRGL1JwQr6idJbb
Manchester Orchestra,5wFXmYsg3KFJ8BDsQudJ4f
Kenny Mason,4mwdnO2jZrMmMVrjcHsZBv
Slowdive,72X6FHxaShda0XeQw3vbeF
Penelope Scott,3u6lPufHw4Oww6D88rv6sB
Saint Motel,1dWEYMPtNmvSVaDNLgB6NV
Arcade Fire,3kjuyTCjPG1WMFCiyc5IuB
St. Vincent,7bcbShaqKdcyjnmv4Ix8j6
Arizona Zervas,0vRvGUQVUjytro0xpb26bs
Jordana,5Bw9kFNhy019e4IBCJZlzw
Metric,1rCIEwPp5OnXW0ornlSsRl
Hoodie Allen,382aq8Pij5V2nE2JMHMoxl
Waterparks,3QaxveoTiMetZCMp1sftiu
Blood Orange,6LEeAFiJF8OuPx747e1wxR
The Kooks,1GLtl8uqKmnyCWxHmw9tL4
Del Water Gap,0xPoVNPnxIIUS1vrxAYV00
Ocie Elliott,5jbk18C7YXRcEZxUWPJCyT
Jordan Ward,3DGlTwdM5Dim9XQipb3jMf
Sampha,2WoVwexZuODvclzULjPQtm
Miracle Musical,2FRXiAz5Uz78LLLSwEUhLt
Will Wood,1VQ8riQ31zVHtlxiCC9EZE
Modern Baseball,1HxXNvsraqrsgfmju1yKk8
Cold War Kids,6VDdCwrBM4qQaGxoAyxyJC
The Oh Hellos,3Fe3pszR2t4TOBVz41B1WR
STRFKR,2Tz1DTzVJ5Gyh8ZwVr6ekU
Zoé,6IdtcAwaNVAggwd6sCKgTI
Sub Urban,7gXb99Sf9nNmpNYeAgIQFG
Ben Rector,4AapPt7H6bGH4i7chTulpI
Joy Again,4jCIAMb0zEArF3GYEYzoDk
BADBADNOTGOOD,65dGLGjkw3UbddUg2GKQoZ
The Band CAMINO,6d4jrmreCmsenscuieJERc
Caroline Polachek,4Ge8xMJNwt6EEXOzVXju9a
The Crane Wives,5U6leWxYKsuTkd4kXcF1a6
Car Seat Headrest,5PbpKlxQE0Ktl5lcNABoFf
JAWNY,25pd339V2rRJo84USlcSRP
Armani White,2qAwMsiIjTzlmfAkXKvhVA
Jaymes Young,6QrQ7OrISRYIfS5mtacaw2
MIKE,1wlzPS1hSNrkriIIwLFTmU
Hippo Campus,1btWGBz4Uu1HozTwb2Lm8A
Anaïs Mitchell,7K5Lm5dxoEwEpOS0Fc3l3s
flipturn,7FKTg75ADVMZgY3P9ZMRtH
Shakey Graves,1fZpYWNWdL5Z3wrDtISFUH
Adventure Time,3Op7D6tFVJCOHW6EAV0ck1
Nathaniel Rateliff & The Night Sweats,02seUFsFQP7TH4hLrTj77o
Alabama Shakes,16GcWuvvybAoaHr0NqT8Eh
MAVI,1peoXq0RPx7czVoFjloeDQ
Chris Webby,3IstlZaHyUP9SONpulb4SM
Hazlett,1zO3MgzmcwZLLNUQqeU2XH
Angus & Julia Stone,4tvKz56Tr39bkhcQUTO0Xr
The xx,3iOvXCl6edW5Um0fXEBRXy
Alvvays,3kzwYV3OCB010YfXMF0Avt
BETWEEN FRIENDS,2HkSsS8O2U2gPhnCGVN5vn
BANNERS,4qWnlmXWuGv2TtuxtIWlJX
Toro y Moi,6O4EGCCb6DoIiR6B1QCQgp
The Japanese House,3IunaFjvNKj98JW89JYv9u
Pavement,3inCNiUr4R6XQ3W43s9Aqi
CHVRCHES,3CjlHNtplJyTf9npxaPl5w
Hopsin,7EWU4FhUJM1sZQgQKdENeT
Regina Spektor,3z6Gk257P9jNcZbBXJNX5i
AWOLNATION,4njdEjTnLfcGImKZu1iSrz
MUNA,6xdRb2GypJ7DqnWAI2mHGn
Benny Sings,4gHcu2JoaXJ0mV4aNPCd7N
José González,6xrCU6zdcSTsG2hLrojpmI
Jack Stauber,1vVHevk2PD45epYnDi9CCc
Tom Misch,1uiEZYehlNivdK3iQyAbye
Unknown Mortal Orchestra,1LeVJ5GPeYDOVUjxx1y7Rp
Tedua,1AgAVqo74e2q4FVvg0xpT7
Jervis Campbell,31Bh5G3Q9JzwqPpHDLIQtW
Passion Pit,7gjAu1qr5C2grXeQFFOGeh
Cal Scruby,2wcrc3fjebDRLVdtRUa3pu
Band of Horses,0OdUWJ0sBjDrqHygGUXeCF
boy pablo,7wbkl3zgDZEoZer357mVIw
Gus Dapperton,6sHCvZe1PHrOAuYlwTLNH4
UPSAHL,1294QqYm1VuxxjRiL9M0h9
The Maine,4o0pNHbyj36LPvukNqEug0
Marc E. Bassy,3tQx1LPXbsYjE9VwN1Peaa
EDEN,1t20wYnTiAT0Bs7H1hv9Wt
Holly Humberstone,0nnYdIpahs41QiZ9MWp5Wx
Claire Rosinkranz,3V0ZQW0dNuVaFtbVYgSI24
Channel Tres,4cUkGQyhLFqKHBtL58HYVp
Fruit Bats,6Qm9stX6XO1a4c7BXQDDgc
Anuv Jain,4gdMJYnopf2nEUcanAwstx
Jewel,6FbDoZnMBTdhhhLuJBOOqP
Jake Scott,0DxPHf2flBAcV2SnZPg3SV
SAULT,1uRxRKC7d9zwYGSRflTKDR
Weyes Blood,3Uqu1mEdkUJxPe7s31n1M9
Neutral Milk Hotel,2ooIqOf4X2uz4mMptXCtie
Japanese Breakfast,7MoIc5s9KXolCBH1fy9kkw
Gin Blossoms,6kXp61QMZFPcKMcRPqoiVj
He Is We,6yFbpXlBH8XHVQGjUPUvKU
No Vacation,32zeX1IoVKAGWMyy1isKUq
Cosmo Sheldrake,6hV6oxGLeLFw17DGjIPkYD
Mannequin Pussy,33yje3hgpNfdXpqdJQcrt9
Leith Ross,4nxKz1dRYXnsGzN1lUURtG
Arthur Nery,7uDdl5V5AETSFY7K3muu22
Waxahatchee,5IWCU0V9evBlW4gIeGY4zF
Tom Walker,7z2avKuuiMAT4XZJFv8Rvh
The Mountain Goats,3hyGGjxu73JuzBa757H6R5
Local Natives,75dQReiBOHN37fQgWQrIAJ
Ryan Caraveo,1PDE2MIJ4M6uvFJDrslazf
Ghali,3egWSWp7Y4FyCKIyvXbw7L
Frankie Cosmos,0x4xCoWaOFd3WsKarzaxnW
chloe moriondo,3P4vW5tzQvmuoNaFQqzy9q
Arlo Parks,4kIwETcbpuFgRukE8o7Opx
Sara Kays,7Lk9V7E1u5gqSHmtcKlOqH
salem ilese,3QJUFtGBGL05vo0kCJZsmT
Searows,0nugNBwdWaptgIAsEtx1It
King Princess,6beUvFUlKliUYJdLOXNj9C
Underoath,3GzWhE2xadJiW8MqRKIVSK
Hayley Kiyoko,3LjhVl7GzYsza1biQjTpaN
Shelly,4z1P9QhvHGEJzPhQAjXYPE
Wrabel,7r2uG6BlFXKcwmh9ItqlII
dodie,21TinSsF5ytwsfdyz5VSVS
Sylvan Esso,39vA9YljbnOApXKniLWBZv
Andrew Bird,4uSftVc3FPWe6RJuMZNEe9
Chet Faker,6UcJxoeHWWWyT5HZP064om
Feist,6CWTBjOJK75cTE8Xv8u1kj
Sheppard,6VxCmtR7S3yz4vnzsJqhSV
Cautious Clay,6iWuBN32BqCJAeXW6o3nil
Santigold,6Jrxnp0JgqmeUX1veU591p
Bright Eyes,5o206eFLx38glA2bb4zqIU
The Postal Service,5yV1qdnmxyIYiSFB02wpDj
The Decemberists,7ITd48RbLVpUfheE7B86o2
Joywave,1UfzhwcOR4yfX7yHTPfC9m
MisterWives,5ivCbtrcD5N4rD337xIb2z
Haley Heynderickx,73MDShZzdL4vUGMkmXOG6X
Beach Fossils,1bwUhKRmEkOZ1wuTnV9XjC
Hawthorne Heights,126FigDBtqwS2YsOYMTPQe
awfultune,1vkWdqcabQ1swciXipkLBj
The War On Drugs,6g0mn3tzAds6aVeUYRsryU
Ekoh,5lC7N2Mm9i92KSfW4opawO
Broken Bells,6dgwEwnK0YtDfS9XhRwBTG
RAC,4AGwPDdh1y8hochNzHy5HC
Mad Tsai,5C2iFRY2UldL2hv9THw4aB
L'Impératrice,4PwlsrN0t5mLN0C827cbEU
Hiatus Kaiyote,43JlwunhXm1oqdKyOa2Z9Y
Julia Jacklin,12fRkVfO2fUsz1QHgDAG3g
Lonely God,6pF6MN603wSrisJcf7HS5v
The Naked And Famous,0oeUpvxWsC8bWS6SnpU8b9
Rose Villain,2aya6KuqjXEhHBqYKsTPLs
TV On The Radio,3HJIB8sYPyxrFGuwvKXSLR
Foals,6FQqZYVfTNQ1pCqfkwVFEa
Grizzly Bear,2Jv5eshHtLycR6R8KQCdc4
Indigo De Souza,3ir2pF2mkiEWqyPenKTh5e
The Flaming Lips,16eRpMNXSQ15wuJoeqguaB
River Whyless,7gRGh8w4G9zaFJSaIYp8HH
ROLE MODEL,1dy5WNgIKQU6ezkpZs4y8z
The Wonder Years,0nq64XZMWV1s7XHXIkdH7K
mazie,4adSXA1GDOxNG7Zw89YHyz
Amber Mark,0tbeZu9lv8YEKSQ9tZSslu
Jean Dawson,7vNNmjV14SKQzlQAEg0BXP
Allah-Las,2yDodJUwXfdHzg4crwslUp
TEMPOREX,3BBCgZVbXFRzcnT1ewVfRt
Rhye,2AcUPzkVWo81vumdzeLLRN
Witt Lowry,5ghnxpW47ojtLHHyTLdxdY
flora cash,6GpcBKNmZDIrRzYkPJu7Wd
The Orion Experience,2qU0jqxiFeXrw5NTV1bIQM
Good Morning,2kMzxA8edU05hvMFU493zJ
Lucius,1WrqUPWlHN5FXCRcQgrkas
Real Estate,41SQP16hv1TioVYqdckmxT
Gazzelle,7KFOc3T4Xo8DVZt4PWw2qN
Valley,7blXVKBSxdFZsIqlhdViKc
Futuristic,5Z5jUyiNvFaqp0EVyLNf0p
Bombay Bicycle Club,3pTE9iaJTkWns3mxpNQlJV
My Morning Jacket,43O3c6wewpzPKwVaGEEtBM
The Civil Wars,6J7rw7NELJUCThPbAfyLIE
Zack Fox,1UH80jhsYsFztK0anu2FNS
quinnie,4aEuFytRb43SAgjchJDk5e
Cat Power,6G7OerKc3eBO9sVkRNopFC
LÉON,4SqTiwOEdYrNayaGMkc7ia
Kurt Vile,5gspAQIAH8nJUrMYgXjCJ2
BTS,3Nrfpe0tUJi4K4DXYWgMUX
Jung Kook,6HaGTQPmzraVmaVxvz6EUc
Stray Kids,2dIgFjalVxs4ThymZ67YCE
LE SSERAFIM,4SpbR6yFEvexJuaBpgAU5p
TWICE,7n2Ycct7Beij7Dj7meI4X0
NewJeans,6HvZYsbFfjnjFrWF950C9d
Jimin,1oSPZhvZMIrWW5I41kPkkY
BLACKPINK,41MozSoPIsD1dJM0CLPjZF
JENNIE,250b0Wlc5Vk0CoUsaCY84M
ENHYPEN,5t5FqBwTcgKTaWmfEbwQY9
TOMORROW X TOGETHER,0ghlgldX5Dd6720Q3qFyQB
SEVENTEEN,7nqOGRxlXj7N2JYbgNEjYH
(G)I-DLE,2AfmfGFbe0A0WsTYm0SDTx
ATEEZ,68KmkJeZGfwe1OUaivBa2L
wave to earth,5069JTmv5ZDyPeZaCCXiCg
IVE,6RHTUrRF63xao58xh9FXYJ
aespa,6YVMFz59CuY7ngCxTxjpxE
ITZY,2KC9Qb60EaY0kW4eH68vr3
IU,3HqSLMAZ3g3d5poNaI7GOU
Red Velvet,1z4g3DjTBBZKhvAroFlhOM
NMIXX,28ot3wh4oNmoFOdVajibBl
BIBI,6UbmqUEgjLA6jAcXwbM1Z9
NCT 127,7f4ignuCJhLXfZ9giKT7rH
EXO,3cjEqqelV9zb4BYE3qDQ4O
j-hope,0b1sIQumIAsNbqAoIClSpy
FIFTY FIFTY,4GJ6xDCF5jaUqD6avOuQT6
Dave Stewart,7gcCQIlkkfbul5Mt0jBQkg
NCT DREAM,1gBUSTR3TyDdTVFIaQnc02
P1Harmony,3JjvsPeGMbDJqsphe2z8xU
JIN,5vV3bFXnN6D6N3Nj4xRvaV
RADWIMPS,1EowJ1WwkMzkCkRomFhui7
KISS OF LIFE,4TEK9tIkcoxib4GxT3O4ky
DEAN,3eCd0TZrBPm2n9cDG6yWfF
LISA,5L1lO4eRHmJ7a0Q6csE5cT
XG,0LOK81e9H5lr61HlGGHqwA
LeeHi,7cVZApDoQZpS447nHTsNqu
Jay Park,4XDi67ZENZcbfKnvMnTYsI
Crush,6aLdhHUqgdKE86xbtNmY8g
TAEYEON,3qNVuliS40BLgXGxhdBdqu
BAEKHYUN,4ufh0WuMZh6y4Dmdnklvdl
NCT U,3paGCCtX1Xr4Gx53mSeZuQ
K/DA,4gOc8TsQed9eqnqJct2c5v
TAEMIN,13rF01aOogvnkuQXOlgTW8
STAYC,01XYiBYaoMJcNhPokrg0l0
The Rose,5na1LmEmK2VzNLje9snJYW
SUGA,0ebNdVaOfp6N0oZ1guIxM8
DAY6,5TnQc2N1iKlFjYD7CPGvFc
SHINee,2hRQKC0gqlZGPrmUKbcchR
TEN,3Q5Qep7ytrjVleNnMnntgQ
G. V. Prakash,5VVN3xZw1i2qihfITZlvCZ
VIVIZ,7Lq3yAtwi0Z7zpxEwbQQNZ
CHUNG HA,2PSJ6YriU7JsFucxACpU7Y
BIGBANG,4Kxlr1PRlDKEB0ekOCyHgX
TAEYONG,6SKusTjOAPsTZ6kareKQdm
MONSTA X,4TnGh5PKbSjpYqpIdlW5nz
Jackson Wang,1kfWoWgCugPkyxQP8lkRlY
KAI,6iVo62B0bdTknRcrktCmak
Girls' Generation,0Sadg1vgvaPqGTOjxu0N6c
TAEYANG,6udveWUgX4vu75FF0DTrXV
WayV,1qBsABYUrxg9afpMtyoFKz
HWASA,7bmYpVgQub656uNTu6qGNQ
JEON SOMI,7zYj9S9SdIunYCfSm7vzAR
fromis_9,24nUVBIlCGi4twz4nYxJum
TREASURE,3KonOYiLsU53m4yT7gNotP
Dreamcatcher,5V1qsQHdXNm4ZEZHWvFnqQ
JISOO,6UZ0ba50XreR4TM8u322gs
MAMAMOO,0XATRDCYuuGhk0oE7C0o5G
NAYEON,1VwDG9aBflQupaFNjUru9A
ROSÉ,3eVa5w3URK5duf6eyVDbu9
AKMU,6OwKE9Ez6ALxpTaKcT5ayv
WENDY,0FRUZvZNPzM3YJMABJxf2K
GOT7,6nfDaffa50mKtEOwR8g4df
THE BOYZ,0CmvFWTX9zmMNCUi6fHtAx
HEIZE,5dCvSnVduaFleCnyy98JMo
ZICO,4XpUIb8uuNlIWVKmgKZXC0
Wonder Girls,3Cv2vi3WTl8VZOTdrBkKdM
D.O.,2CQZr2RPZmrcvDnaod1ldC
Eric Nam,2FLqlgckDKdmpBrvLAT5BM
Freshlyground,7AcV1lk8Zrgo1691PDWEle
IZ*ONE,5r1tUTxVSgvBHnoDuDODPH
BOL4,4k5fFEYgkWYrYvtOK3zVBl
EVERGLOW,3ZZzT0naD25RhY2uZvIKkJ
Xdinary Heroes,1khChLj7REGqjM043PlYyn
Loco,2e4G04F77jxVuDYo44TCSm
LOONA,52zMTJCKluDlFwMQWmccY7
B.I,0UntV1Bw2hk3fbRrm9eMP6
GFRIEND,0qlWcS66ohOIi0M8JZwPft
BSS,1uAT5bTSp6dWbNmixIUP5t
Jessi,64k5e9kV9MdukXjFrR5R37
Zion.T,5HenzRvMtSrgtvU16XAoby
iKON,5qRSs6mvI17zrkJpOHkCoM
SUNMI,6MoXcK2GyGg7FIyxPU5yW6
CL,0tzSBCPJZmHTdOA3ZV2mN3
tripleS,5Z71xE9prhpHrqL5thVMyK
MISAMO,0IwZVmMMGE7nNXS7vN9SIo
xikers,6QHP8St0MzfNDqjKpwtMht
Sam Kim,4BBN286rBKyCWsSPq2cxYO
Yerin Baek,6dhfy4ByARPJdPtMyrUYJK
WOODZ,6y9nlaoynxSvoTGY09Vdcy
KARD,2JhAlkmukNvarUpGhTFXUQ
BIG Naughty,7cEaNXXTHx3LokbjUUyHal
G-DRAGON,30b9WulBM8sFuBo17nNq9c
Taeko Onuki,5QeCklzEEYSSLWeUxuWeBy
The Black Skirts,6WeDO4GynFmK4OxwkBzMW8
JEON SOYEON,6Xg22wJOAcnvPUfk5WvODH
2NE1,1l0mKo96Jh9HVYONcRl3Yp
WOOSUNG,5LHu1iF8m0XtRBEJbbwSoo
Vijay Antony,6CtYzQvENTdGq5LPPsePdV
The Greeting Committee,1MIe1z4RdqLqHSJsb7EBMm
SHAUN,72nLe76yBFSlP6VBzME358
SEULGI,2QM5S4yO6xHgnNvF0nbZZq
10CM,6zn0ihyAApAYV51zpXxdEp
ONEUS,3CVYSpM7nfHFG5qCTW7Ht9
Epik High,5snNHNlYT2UrtZo5HCJkiw
Kep1er,5R7AMwDeroq6Ls0COQYpS4
AILEE,3uGFTJ7JMllvhgGpumieHF
NCT,48eO052eSDcn8aTxiv6QaG
Mariya Takeuchi,3WwGRA2o4Ux1RRMYaYDh7N
The Beths,7DjwIxbe8kpw4pqnzAMoin
Emarosa,68tKVjVvcqUfKFFLr2j0Ek
NCT DOJAEJUNG,0W0w607z3JEA1vXLz9FVGw
Peterpan,29vPfjqj8X5ri4AJRt8wVM
Connan Mockasin,247AfC9pLuqwgpH8Mo96oA
Beyond,4F5TrtYYxsVM1PhbtISE5m
SUPER JUNIOR,6gzXCdfYfFe5XKhPKkYqxV
Suresh Wadkar,0w4e7HVbqAHFPN6VkIlvhe
Dafina Zeqiri,6V6mxrGG67IyLFy2l4poNZ
AOA,54gWVQFHf8IIqbjxAoOarN
Teresa Teng,3ienC90A5I1X3irDyQoqWZ
CHANYEOL,6jV25rzTKQ2zMgrqHha1V5
ASTRO,4pz4uzOMpJQyV8UTsDy4H8
SuperM,5BHFSMEjfLVx1JwRWjAOsE
Wali,5pnSNZZRyYViu2n58Zlw1J
CRAVITY,6FkhUhUwSPl3mGB6mmE8wn
PENTAGON,1wKpMkucynaTfG8lyPprYV
PURPLE KISS,62T5PGHWJ9sxP2SJq20IHq
Kevin Morby,6fxk3UXHTFYET8qCT9WlBF
CHEN,0UEP2XBR9aC5NBKcAKnBIq
Billlie,2GQxKDojobwBjZMPf7aoh0
BoA,4muJrGMndyYWqZtfk8OWy4
BTOB,2hcsKca6hCfFMwwdbFvenJ
Thalapathy Vijay,0fhunuOz2OuOEr3YK5ctSm
Mc Kresha,6fZ3U139Fb4VfOv7g63XhB
f(x),3wRA5UYoo08BBKJnzyKkpF
The Kentucky Headhunters,2sgj794K3UaW1ApX28ZUhY
Ir Sais,4NEThNYJ3WyNcJWcmpjq88
2PM,5iRPbkcPmqAFFwDUj6ywVS
T-ARA,1R52cwGf75yTf7I3Q0Irf8
TVXQ!,6nVMMEywS5Y4tsHPKx1nIo
dosii,41lcf5k3PkUdxupYLkcjCd
HENRY,1sjw4xq2pAWy5Vdgba5QAt
Deva,1aXtuiimQwgW8Xqztgp4Kf
KEY,6XXKPxRX2WWPPtfodzpc2v
OH MY GIRL,2019zR22qK2RBvCqtudBaI
Junko Ohashi,7rGbODPTIVjzn3CTR6RCzE
Younha,6GwM5CHqhWXzG3l5kzRSAS
MOMOLAND,5RR0MLwcjc87wjSw2JYdwx
Apink,2uWcrwgWmZcQc3IPBs3tfU
SF9,7LOmc7gyMVMOWF8qwEdn2X
Andrea Jeremiah,5yoqPvofOHrBc3Z6VZyTsj
Lyrical Son,5gfuF8sy6oqPt0162Z17Ru
YOON MIRAE,1Do4bSzfUl0KWL9r1fITu0
Weeekly,73B9bjqS2Z5KLXNGqXf64m
Moon Byul,1eTft3tXynrKdo6XD7QHLL
L'Arc-en-Ciel,6jTjjAjvYvMYfaqi837p5x
DAVICHI,4z6yrDz5GfKXkeQZjOaZdq
HA SUNG WOON,3OBkZ9NG8F0Fn4oNpg0yuU
CIX,1lHfzEkKmmvdVDDDLKkcsd
SURAN,1mORehSVEd7lcaT2d7Sl2K
my little airport,3yfDRplDZh03Y0fEeCd6B0
Whee In,0BqRGrwqndrtNkojXiqIzL
MINO,3ytV7vc4ZuwGgwaOuWvkk8
SISTAR19,5Q0U6ogBrMX2oxmxy5OTzU
EXID,1xs6WFotNQSXweo0GXrS0O
WINNER,5DuzBeOgFwViFcv00Q5PFb
Jah Khalib,4TjXA854eWs8P5EBgCbQmv
HYOLYN,78sJswwVn4P8aEhkF4K6fQ
SISTAR,2wTLheTmMcFCA4hdY8hZJP
Block B,4RnezwRV7VBJUCI1S0AE5u
HyunA,3UwlejyX2b458azZ7eCnHb
TRI.BE,6BgYuNomEs12UIrnxhWE9a
SEUNGRI,20j1uz7iDOtIvIzCr5S8nx
BOBBY,7ieMQQDR0bdBPz572mtxwS
GOT the beat,6uNxlIP5lzPFf0BHuELOuX
OHHYUK,68TCVp5t1Dxi2TvNuYoYK0
Ledri Vula,5519qQ4H5p0qIIidEWUOB6
Kstylis,5o2jetVpyIsXvWDT27bN4k
A.C.E,25KT93FeotUTHC1dbLasxi
EXO-K,6wPBIyIIMxoqgux29bGF8I
JOY,0sYpJ0nCC8AlDrZFeAA7ub
Mustafa Ceceli,3cNwyF5SboOs9icz2XyotE
Suzy,4U80LJd8sG6U9YTFP5izka
SE SO NEON,07OePkse2fcvU9wlVftNMl
JONGHYUN,5rGgflnIpRNizTCozbYBuY
Gareth.T,6R57JlNKlnNrYaji0vw8xx
Tablo,3NdOtTPPaXrCyC7Lpmzyhv
Sung Si Kyung,7jFUYMpMUBDL4JQtMZ5ilc
HUS,23m7tUHLULVyBAAIYHbsgT
Gaho,3ybZTNrlK0QhL4rBxfLHOc
Ardian Bujupi,0pOruKWwgyqSLZhn4Xovs9
WJSN,6hhqsQZhtp9hfaZhSd0VSD
OnlyOneOf,0iQGSzpJ0G0lsugv8jsJHd
miss A,1BEohdSWSBggmO979tzRwW
MeloMance,6k4r73Wq8nhkCDoUsECL1e
DANIEL,1eZ0sjIrNuSNiZSfjTYgi6
CLC,6QyO41KctzGc70mVaVnXQO
Era Istrefi,4poL7YCSkG7kMnWjAdDU91
Stella Jang,2Y9AUayH5pyZpVfkDYDfJV
Wanna One,2CvaqAMMsX576VBehaJ0Wx
Paul Kim,4qRXrzUmdy3p33lgvJEzdv
Jung Seung Hwan,7l8rOFwZFQ3G0sgZ7gjGng
BamBam,2p48L95TwEaYkSdn6R7LOr
I.M,49tkHHS0mXwa5eLYvyvKyd
Simon Dominic,57W9ikVc6O2wLDtmclSjvN
JAMIE,2YXlVLKq3X3soXd2aXUtIT
SOYOU,3b4kLCI0ZJW47TFsNRqgCb
Tino Martin,0iVHnv2bQN5iee8J6iCVO4
Bien,2zhossaaVN2pXg5p8o101X
george,2pRZp2WxvnWWiSPcSSYkNV
Assala Nasri,6MQnUjIjnIOfHDFzqBJOAl
The Limba,7LdZqOf4uMeA5vzlI0oza7
J.Y. Park,1TTx0YcbKUtJIZY1HEnh9B
Mozzik,1pkDzgHvVqC17qYGKfLPpb
Yll Limani,2qI59HaiEtvev8vnUkmRpT
ODD EYE CIRCLE (ARTMS),10NiYZbV1kGr5cBygKTS5J
Roy Kim,3ErHVJMsxTq2lLSmnONBm9
"Car, the garden",7c1HgFDe8ogy5NOZ1ANCJQ
KARA,7aZ221EQfonNG2lO9Hh192
The Poles,7isCii8IZOBPInAYFn2n5Q
Youth Fountain,5e9SnnT1mabuWwjwu6FrZD
Loredana,2Im8m4STDBosjfmb5hmP80
KANGDANIEL,5vGoWnZO65NBgiZYBmi3iW
K3,1eZrOVQ8ady3sDTNdG9E4D
Ozan Doğulu,6xLv41SHPrVVfvyGd1M7ut
Red Velvet - IRENE & SEULGI,6bwp9ObI8FWvMPCIWVBmhl
YUKIKA,4RfI1z9u2xIc5Qnqac4JbO
Will Joseph Cook,3YO2a6i2cfdFbgxk2HDfPe
Patti Kim,3YLoKDj5EXsg3AorXDgLlz
Arunraja Kamaraj,3jw6WnDlhrKkNjgcp8JGQe
INI,73kxDUq2Hl7Upy4o0yFxXv
Kaspiyskiy Gruz,5g5a3ENOYfn6myyLen218w
4Minute,6cdC1cwqh3eJAXaxXJt2jv
INFINITE,1bkpTEmumLC3xc7HgMsttU
Bakr,5TZ0uM0InXX4LtI8hTsXlv
Taylor Swift,06HL4z0CvFAxyc27GXpf02
The Weeknd,1Xyo4u8uXC1ZmMpatF05PJ
Ariana Grande,66CXWjxzNUsdJxJ2JdwvnR
SZA,7tYKF4w9nC0nq9CsPZTHyP
Rihanna,5pKCCKE2ajJHZ9KAiaK11H
Lana Del Rey,00FQb4jTyendYWaN8pK0wa
Olivia Rodrigo,1McMsnEElThX1knmY4oliG
Post Malone,246dkjvS1zLTtiykXe5h60
Beyoncé,6vWDO969PvNqNYHIOW5v0m
Billie Eilish,6qqNVTkY8uBg9cP3Jd7DAH
Justin Bieber,1uNFoZAHBGtllmzznpCI3s
Kali Uchis,1U1el3k54VvEUzo3ybLPlM
Feid,2LRoIwlKmHjgvigdNGBHNo
Tate McRae,45dkTj5sMRSjrmBSBeiHym
Don Toliver,4Gso3d4CscCijv0lmajZWs
Rauw Alejandro,1mcTU81TzQhprhouKaTkpq
Ed Sheeran,6eUKZXaKkcviH0Ku9w2n3V
Coldplay,4gzpq5DPGxSnKTe4SA8HAU
Imagine Dragons,53XhwfbYqKCa1cC15pYq2q
Khalid,6LuN9FCkKOj5PcnpouEgny
Harry Styles,6KImCVD70vtIoJWnq6nGn3
Miley Cyrus,5YGY8feqx7naU7z4HrwZM6
Ozuna,1i8SpTcr7yvPOmcqrbnVXY
Maroon 5,04gDigrS5kc9YWfZHwBETP
The Neighbourhood,77SW9BnxLY8rJ0RciFqkHh
Katy Perry,6jJ0s89eD6GaHleKKya26X
Benson Boone,22wbnEMDvgVIAGdFeek6ET
Cardi B,4kYSro6naA4h99UJvo89HB
Megan Thee Stallion,181bsRPaVXVlUKXrxwZfHK
Adele,4dpARuHxo51G3z768sgnrY
Fall Out Boy,4UXqAaa6dQYAk18Lv7PEgX
Sabrina Carpenter,74KM79TiuVKeVCqs8QtB0B
Cody Johnson,6zLBxLdl60ekBLpawtT63I
One Direction,4AK6F7OLvEQ5QYCBNiQWHq
OneRepublic,5Pwc4xIPtQLFEnJriah9YJ
Selena Gomez,0C8ZW7ezQVs4URX5aX7Kqx
The Lumineers,16oZKvXb6WkQlVAjwo2Wbg
Maluma,1r4hJ1h58CWwUQe3MxPuau
Sam Smith,2wY79sveU1sp5g7SokKOiI
Bailey Zimmerman,3win9vGIxFfBRag9S63wwf
Panic! At The Disco,20JZFwl6HVl6yg8a4H3ZqK
HARDY,5QNm7E7RU2m64l6Gliu8Oy
Paramore,74XFHRwlV6OrjEM0A2NCMF
blink-182,6FBDaR13swtiWwGhX1WQsP
Shawn Mendes,7n2wHs1TKAczGzO7Dd2rGr
Joji,3MZsBdqDrRTJihTHQrO6Dq
Manuel Turizo,0tmwSHipWxN12fsoLcFU3B
PinkPantheress,78rUTD7y6Cy67W1RVzYs7t
Alicia Keys,3DiDSECUqqY1AuBP8qtaIa
d4vd,5y8tKLUfMvliMe8IKamR32
Lewis Capaldi,4GNC7GD6oZMSxPGyXy4MNB
Troye Sivan,3WGpXCj9YhhfX11TToZcXP
The Chainsmokers,69GGBxA162lTqCwzJG5jLp
Florida Georgia Line,3b8QkneNDz4JHKKKlLgYZg
Reneé Rapp,2hUYKu1x0UZQXvzCmggvSn
ABBA,0LcJLqbBmaGUft1e9Mm8HV
Pierce The Veil,4iJLPqClelZOBCBifm8Fzv
Jessie Murph,2yLzlEFtIS0Q9UkyBZdQA7
Lainey Wilson,6tPHARSq45lQ8BSALCfkFC
Weezer,3jOstUTkEu2JkjvRdBA5Gu
Lorde,163tK9Wjr9P9DmM0AVK7lm
The Offspring,5LfGQac0EIXyAN8aUwmNAQ
Connor Price,5zixe6AbgXPqt4c1uSl94L
5 Seconds of Summer,5Rl15oVamLq7FbSb0NNBNy
blackbear,2cFrymmkijnjDg9SS92EPM
David Kushner,33NVpKoXjItPwUJTMZIOiY
Treaty Oak Revival,3444S3C4U9Ts86BnCtSPRV
Demi Lovato,6S2OmqARrzebs0tKUEyXyp
James Arthur,4IWBUUAFIplrNtaOHcJPRM
Ava Max,4npEfmQ6YuiwW1GpUmaq3F
Jonas Brothers,7gOdHgIoIKoe4i9Tta6qdD
Niall Horan,1Hsdzj7Dlq2I7tHP7501T4
Becky G,4obzFoKoKRHIphyHzJ35G3
The Cranberries,7t0rwkOPGlDPEhaOcVtOt9
Charlie Puth,6VuMaDnrHyPL1p4EHjYLi7
Tainy,0GM7qgcRCORpGnfcN2tCiB
Meghan Trainor,6JL8zeS1NmiOftqZTRgdTz
Charli XCX,25uiPmTg16RbhZWAqwLBy5
Luis Miguel,2nszmSgqreHSdJA3zWPyrW
Riley Green,2QMsj4XJ7ne2hojxt6v5eb
Tems,687cZJR45JO7jhk1LHIbgq
Lily-Rose Depp,1pBLC0qVRTB5zVMuteQ9jJ
Warren Zeiders,7kplJl06UmldxLKseURAYi
Kehlani,0cGUm45nv7Z6M6qdXYQGTX
Vance Joy,10exVja0key0uqUkk6LJRT
Willie Nelson,5W5bDNCqJ1jbCgTxDD0Cb3
Bryan Martin,0ChjBYedhZTQnWZWQYg15U
Anitta,7FNnA9vBm6EKceENgCGRMb
Megan Moroney,5Ppie0uPnbnvGBYRwYmlt0
John Legend,5y2Xq6xcjJb2jVM54GHK3t
RAYE,5KKpBU5eC2tJDzf0wmlRp2
Lauv,5JZ7CnR6gTvEMKX4g70Amv
Parker McCollum,0Z8XVUAOBPM4x12wKnFHEQ
Falling In Reverse,2CmaKO2zEGJ1NWpS1yfVGz
Kim Petras,3Xt3RrJMFv5SZkCfUE8C1J
Madison Beer,2kRfqPViCqYdSGhYSM9R0Q
ROSALÍA,7ltDVBr6mKbRvohxheJ9h1
Sam Hunt,2kucQ9jQwuD8jWdtR9Ef38
Sade,47zz7sob9NUcODy0BTDvKx
Sebastian Yatra,07YUOmWljBTXwIseAUd9TW
Chance Peña,4lhUHpVOXmkEBGGHV71QCh
The Beach Boys,3oDbviiivRWhXwIE8hxkVV
Camilo,28gNT5KBp7IjEOQoevXf9N
Dolly Parton,32vWCbZh0xZ4o9gkz4PsEU
Rema,46pWGuE3dSwY3bMMXGBvVS
Morat,5C4PDR4LnhZTbVnKWXuDKD
Sech,77ziqFxp5gaInVrF2lj4ht
Maná,7okwEbXzyT2VffBmyQBWLz
Tears For Fears,4bthk9UfsYUYdcFyqxmSUU
ZAYN,5ZsFI1h6hIdQRw2ti0hz81
Rex Orange County,7pbDxGE6nQSZVfiFdq9lOL
Mark Knight,3h11MHQeCrcsUgRRijI1zL
Ferry Corsten,2ohlvFf9PBsDELdRstPtlP
Merk & Kremont,5rRcnWrevHgbuWjl7Lhft7
Zonderling,0bMKf3lIYR9GaNTdFKkTOr
Marsh,1eucLGnPT27tdEh6MU29wp
Hook N Sling,3iN9k8uvm4WrgdlOigOH8D
Cristoph,532SqCIYmJyXEdEiCJLgYG
KAAZE,6WGE3kO8ULME2ErBcOksSR
Andrew Bayer,5dFuu05x8SPBuymudrTBU8
Cosmic Gate,6ySxYu68zTsO5ghsThpGtS
OceanLab,0aTdKgInKeMlNnwWSa1YPT
Andrew Rayel,1UtBjqMZBAmqIPlDrKu7Tr
Michael Calfan,4CuipEvwcoQggmCV8jpKF9
Maurice West,1qF8DC6uIBjskqP0hyw1Gk
Sick Individuals,0XqFDQJjqW5PfhfBCb53LR
Ivan Gough,5aBWZE8TOaaA9O50ENS3EM
Giuseppe Ottaviani,5B9q1NRokzWYB7nSgnlHyv
Dirty South,1bpzpALZwOoKXzwMg2i8WB
Myon,0nTbVTXLLbBA4xCtn0cFkv
DallasK,7uas0F5EhsZg6KDJ7yy7rW
Henry Fong,3nALc9PyUfe6CO3EY9bNhH
Ilan Bluestone,1yoZuH2j43vVSWsOwYuQyn
Wolfgang Gartner,3534yWWzmxx8NbKVoNolsK
Dimitri Vangelis & Wyman,10hGPIDZi33LRaYRIq3Bh4
BT,64MoFdq8ORI3V98AR5SPWL
Rank 1,1eQe86RbDKRIiGZk08r9YJ
Dyro,03MVmfitJTVJIxYmObhQn9
Sound Quelle,5mdTuNl23tON1WlsVbvD18
CAZZETTE,1IELhvOMg5VQlU7syRm6CS
Something Good,0g5BdWwyb5SWkGnz9p4neX
Tim Berg,7iLc4hrjOjQPfg1E3cCHg1
Ruben de Ronde,3q7BRw9D1DupXTONJdr94m
LTN,2IK99qf3aYxFWkgCkc7kQ3
Sander van Doorn,22bukBZvUppuwQwmDz75Gz
Markus Schulz,6OO0PboZcIWUWL7j2IyeoL
Mat Zo,2n7USVO8fO8FF8zq4kG2N1
Shingo Nakamura,58zz0VTpGNHn7MGTlW2cxQ
Dzeko & Torres,5Ip2ecnyGpNyZvPuuYU8Ai
Luttrell,4EOyJnoiiOJ4vuNhSBArB2
Orjan Nilsen,1YuNQvsvOsMBm0ahbxB8qM
Super8 & Tab,3WGxBKuYawiVOmCwR8FIUC
Kura,3NwcP2GO2sZZS2BVvWcc9T
Tony Junior,17esEoE9uEHFKuzkar2UL0
Aly & Fila,2hL1EouqXLtBEB6JKnPF0h
Pierce Fulton,5p0zkKpBuRguKebwRe0RI2
Spencer Brown,4L9PX6lwPWo2NeuXL9kyJK
ALPHA 9,6ckI88Ggj8DPe0TNAAVkjn
Kryder,1xfLBmx0n8DQri9HxJsq9O
Matt Fax,1XgI1X3xjXCKRP1ZjhqgkV
Mark Sixma,3ePCIHipMKD4n8IBXBYWSm
Disco Fries,7G7KvDCLdVG0Ok511Iqc9U
KhoMha,4ngwbMFTQKrLkLfREBYrvW
Sidney Samson,3XonXgjEAAXVl0WKLF1Z4g
James Grant,45fFrwMq6sPP5P4k1qqFi7
Jay Hardway,12SPNXi0aDpFt0rMVbmLrr
David Puentez,4gSsv9FQDyXx0GUkZYha7v
Chocolate Puma,5Aw0IGM5JS3FuTgtRsDWGA
Sandro Silva,53UXMZxwzQyV4j7tZaVF58
Sunnery James & Ryan Marciano,7kABWMhjA5GIl9PBEasBPt
Justin Mylo,7MFJyevu6jq0shwDuVLymu
Julian Jordan,2vUCVkeZjzDcaoX4gagHdV
Thomas Gold,1XLjkBxFokuDTlHt0mQkRe
Riggi & Piros,2paaWadjhhY3shymyR5TcH
Sebastien Drums,0lHsjYcb3lGjkJQQqC6HVt
John O'Callaghan,6H2JQ8igAAa5UBr2u496mb
John Dahlbäck,15xvsJMf8phaNa1LYvL9Qv
William Orbit,2AHGrNDMKFi8rHqQ8kJqfl
Dropgun,3nAdmhth5AczU6YwCJOlYh
Solarstone,1PfOXooPSLQhOTNZGrXM90
Gabriel & Dresden,64KfnYe81Wld2AkG4bkGIV
Alex M.O.R.P.H.,478tAnskSff0wa0XxnpwmW
Maor Levi,7iVuXpgNEl87BwdwV1L6he
Ashley Wallbridge,4hNpdlfPY7R51u4FEkBxJG
Estiva,1ltDgA6tV4utKM6y1BOYIE
Ben Gold,4DXcK8M3bJkCFfhHIkudyL
Enamour,6D1PUSzHf2Z4jTFIdhjJoO
Dezza,3p7y4jD6cIfONGyx6xaFik
Madison Mars,4gJCFxvqKc43Ifk0UIBB42
Pryda,37U9sPqTZMd7AKJCWgcvkt
Thomas Newson,66MrdPDHTjnnMOTBmC81q5
P.O.S,6PqtTOqDDdBJQzgCW2TbwU
Shapov,36VSvhsPFTdsj1CtmatPiQ
Three Drives On A Vinyl,10feV0eOe64kjUc95Lnfuv
Stadiumx,0DRf6JJDQnRnz0Yp209CmH
Rodg,1kb9YssvADeiGvCUwJzbdT
Craig Connelly,78UUH1buA0gDtDnkX2dPgL
Rowald Steyn,4IPKNc0sHqlSECkJNX7moj
The Thrillseekers,1RYDKWzJnJtbTPYNsDswD5
Nox Vahn,2bqGPuC8kDCTLWieGOyWxu
Leftfield,72hqBMsw7x5jnfxxwkii8L
Dannic,1PFc84GHTYPL0G12JHh9Mc
Jerome Isma-Ae,4GEIawzVZxWGdtl9OOdgeA
PROFF,3jAosRBCdrybxqTnrI4Sld
Swanky Tunes,06cLuOP0p7VAnBnqil1eWX
Florian Picasso,4GWqzTTt2uA9Ms6HfUhWUn
Dirty Rush & Gregor Es,6jSW7sg56cdW32xIqgPKZy
Dosem,0zmnkCTbAxYsZAMIqXEzfS
Protoculture,37kQjANSQM1tmkTwvB5M96
Sasha,6u4jLGLPuarS3i2XWHVxoS
Lucas Nord,4ZUg3IUvAPAl8coXQAxaXd
The Blizzard,40lHcSYwAqhkmBPoViitWP
Luke Bond,13jm4r5O79Vxjy3zzZ51j0
Richard Durand,7wne8sUhTAJdIsnuO4GjnR
twoloud,6eUtrZgzxqbV7zMxzN3Sz2
Deniz Koyu,39PhMWg1aAuuZcph0OXGu6
Omnia,0XZkeCAlpiO5qcIlAJzZaA
Andy Moor,0Fn4agIyGMwQsKHrx1i8Dn
Lange,0zgmzl8NLEOsqYNOQcSmAA
Alexander Popov,4zNhfG6i4QlfUuzt1hBGu2
Paul Thomas,32IkwkKb3BkxUGAzSjaBI8
Jorn Van Deynhoven,6NuXlqTU1RF0aIoyD46z5v
New World Sound,4RQQEu24E1oQAQXvkxsLxE
Allen Watts,04FzGJxkYQ7zIRoCLQzLqR
Simon Patterson,3QxbGzjZc3kgHNJOBOZM2M
Adrian Lux,5kp9Qhzri9LrDkzrtjt5Sh
Matt Nash,0hxW1uZPEjt4wuu9wNDF2y
Chuckie,4x7gxsrTH3gThvSKZPPwaQ
Inpetto,0WDjOCmlubUVdRozCz46sM
Sebjak,4WaTBVJBxGQ71Ch0swa8DA
Justin Prime,0TFdkHvlyUVl9zrb4seHxJ
Layo & Bushwacka!,4XO18kRHLT6F5RhomZGrpc
Lil Tjay,6jGMq4yGs7aQzuGsMgVgZR
Sleepy Hallow,6EPlBSH2RSiettczlz7ihV
Los Tigres Del Norte,3hYtANQYrE6pd2PbtEyTIy
Joan Sebastian,7FsRH5bw8iWpSbMX1G7xf1
Grupo Bryndis,44WCHvwXBOMz6nm7Mu2ReO
Sheff G,1tG7s7S4sq2eFFW0QZyLbm
Erykah Badu,7IfculRW2WXyzNQ8djX8WX
Dave Matthews Band,2TI7qyDE0QfyOlnbtfDo7L
LUDMILLA,3CDoRporvSjdzTrm99a3gi
Syleena Johnson,1lE6SEy8f84Zhjvp7r8yTD
Watchhouse,675tsBPpaZtqyiBwEf3ZEP
Estelle,5T0MSzX9RC5NA6gAI6irSn
The Steeldrivers,3bLSAQPeix7Xm2e5Gtn48R
Liberación,5xwugJ4uudppmOCCZateE5
Boyz II Men,6O74knDqdv3XaWtkII7Xjp
Chuck Berry,293zczrfYafIItmnmM3coR
Conway the Machine,67gqUXxHedeUGDTxwBzdjS
Kate Bush,1aSxMhuvixZ8h9dK9jIDwL
Merle Haggard,2ptmyXoL7poH6Zq62h1QT9
Jazmine Sullivan,7gSjFKpVmDgC2MMsnN8CYq
Blackstreet,2P3cjUru4H3fhSXXNxE9kA
Frankie Valli & The Four Seasons,6mcrZQmgzFGRWf7C0SObou
JUVENILE,0rG0AZBscc8S8q1ahIsasI
Los Yonic's,1z8Z3JjXWNa7xbeXcyFZMt
SWV,2NmK5FyrQ18HOPXq1UBzqa
Frankie Valli,3CDKmzJu6uwEGnPLLZffpD
22Gz,4JhbRL6zaItAyzqx4gHTqz
The Monkees,320EPCSEezHt1rtbfwH6Ck
Keith Sweat,2r09Inibex3C4ZNTUVSG3m
Espinoza Paz,01rgao9OzfBm2BOHWJpi1Y
Musiq Soulchild,3UVRliakQfa1pMWIsNuiZ8
The Righteous Brothers,4b0WsB47XCa9F83BmwQ7WX
Maxwell,2AOt5htsbtyaHd5Eq3kl3j
The Ronettes,7CyeXFnOrfC1N6z4naIpgo
Jodeci,1eNkUXHPaXyuyC8NAgzykK
New Edition,1mFX1QlezK1lNPKQJkhwWb
Young M.A,7LvoDJUNGnOrPdGRzVtOJ9
Charlie Brown Jr.,1on7ZQ2pvgeQF4vmIA09x5
Anthony Hamilton,2DzRMyWgjuMbYvt5BLbpCo
Ladron,32BLNtPX18499VCjsUiFj1
Jill Scott,6AVLthptCPhfrxlHadOBJD
Chrisette Michele,3YJMzGjAm245zwJooY7PEj
Bell Biv DeVoe,2zFZiWQJFFshzojycnXoTL
Simply Red,1fa0cOhromAZdq2xRA4vv8
El Bebeto,1YhMWppPt9RVODKD1KCs7W
Tony! Toni! Toné!,7vWlb4pM85jCHvV771qZZW
Tevin Campbell,5VfqJBmXcf6ZqXoGij5qTE
Robert Glasper,5cM1PvItlR21WUyBnsdMcn
La Mafia,3rhO3rDk432VyAwyZnkECs
Bobby Brown,62sPt3fswraiEPnKQpAbdE
Eryn Allen Kane,5xI4mPixKfrCCspATqbpy3
Samuray,6fBjnfeYEU3VFuQl8RPrp8
Ramón Ayala,0fIdQWpwzU2oEtsoyArDOL
Montell Jordan,0iVrCROxeyon7MZUW3MfzT
Next,2MGT7CYlixSPxAnnkhLpaA
Anita Baker,46CH1Gp8l8QVly8bpG9JFG
Jaheim,4sbB4Yy6Qig51pKCIKSLw3
The Turtles,2VIoWte1HPDbZ2WqHd2La7
En Vogue,5fikk4h5qbEebqK2Fc6e48
Soul For Real,296LotOmbj7eOX7r9l46fK
Amerie,08rMCq2ek1YjdDBsCPVH2s
Grupo Libra,7A0dBf6Uyh5G1rW7Rh84Dt
Tommy James & The Shondells,01hRNr3yF5bYnPq4wZ88iI
Kem,1f2e3RQf7LHOum8NU61q0R
Rayito Colombiano,3yJUTkFm88TiJPLhLHKumn
Sepultura,6JW8wliOEwaDZ231ZY7cf4
Total,1urjDGTd4iBze91Z1W1gu7
Viento Y Sol,4d4OGW8V5resuylQWT6S9s
Los Askis,7wiOKrtPg196Hh90CdoKPi
PJ Morton,2FMOHE79X98yptp4RpPrt7
Brittany Howard,4XquDVA8pkg5Lx91No1JxB
Little Richard,4xls23Ye9WR9yy3yYMpAMm
India.Arie,7Gf3LSwa5hh8Cjo60WhVjC
The Archies,33QmoCkSqADuQEtMCysYLh
Caetano Veloso,7HGNYPmbDrMkylWqeFCOIQ
Legião Urbana,6tw6EpC9RgmSRZiZg0n22t
Maneva,1OFP2fSFWTfJ80rzUo5AGb
Dan Caplen,2U3FuHYvL3vhkbDAXm24Ep
Pimp C,7v9bFXCdSMA2o3gS4nvp0F
Guardianes Del Amor,3NLDQVyI2LVtQFJt8JeAAx
October London,1eNO1DUCOtZgCzlwtjtb1t
Foxy Brown,1wvlC6NwleHt1iRD6d5X2C
of Montreal,5xeBMeW0YzWIXSVzAxhM8O
skaiwater,1URVdcNYXigvk6Dj0fHYOM
Fats Domino,09C0xjtosNAIXP36wTnWxd
Jorge Ben Jor,5JYtpnUKxAzXfHEYpOeeit
Mint Condition,4MT97VeycuegSicrrphisJ
Mach-Hommy,3ZMur3elMyOs248ah86NRk
Everything Everything,1HOeqtP7tHkKNJNLzQ2tnr
O Rappa,1A5QJAC1vdhbhPE25Q0x0f
Grupo Yndio,2ExqFhtOJ3rXrYJkBMqAxD
The Wood Brothers,6FxuPrpa8phaP3Xn73emhT
Shai,72y3ZI95ctkQC2O4mjBaU3
Lucy Pearl,0OUXTnqjvTg4iZ7Lhq6vv7
H-Town,21gGD9dUby5ls0belA1wqZ
Guy,2IBPIcSkvQZyoaVfoyZKE8
Soulja Slim,6tBnRI3ubWYclKSbGvGtKd
Skank,4C4kpaAdp6aKSkguw40SsU
Dr. John,320TrJub4arztwXRm7kqVO
Teena Marie,61UT1Zj9dFgPAjZfwnsqsb
Ronald Isley,6W9RUw7xnNRYtgh8dimg7L
Stove God Cooks,35fcckhFq2cF2u7hIG0fPv
Lianne La Havas,2RP4pPHTXlQpDnO9LvR7Yt
Madness,4AYkFtEBnNnGuoo8HaHErd
Beirut,6pmxr66tMAePxzOLfjGNcX
Connie Francis,3EY5DxGdy7x4GelivOjS2Q
Big Freedia,2gyv1akuIB9fQvXoGSPaJr
Da Brat,2I1bnmb9VQEQGKHxvr0gSf
Silk,2etWSM1cPeITq5E2bEK8PW
Jordan Rakei,24icoQNJSEWNu3XvqKBR68
Animal Collective,4kwxTgCKMipBKhSnEstNKj
Chayín Rubio,6dZF1SMkMqrSFJKp0mhk4B
Squeeze,6Jrj26oAY96EEC2lqC6fua
Sonny & Cher,71lGEtP9qYXDsSXjfexTqO
Johnny Gill,7oHzn7edwmrYClrPRINkbn
Jay & The Americans,0DAqhikcMKLo2lPADVz2fs
Ezequiel Peña,4rWWouSk4D5OSFFFo2bmty
Mipso,5Bcrb5qQMVTEbJ43fdIS4A
DIIV,4OrizGCKhOrW6iDDJHN9xd
Midnight Star,0KMLfCXYb3Dhf1hLpu8cVd
Level 42,0L9xkvBPcEp1nrhDrodxc5
7 Minutoz,2563ILWHSx52eOxOoi5rJW
Luccas Carlos,5WFFFHVqeVk5tLuYh2KjQy
Rapsody,6NL31G53xThQXkFs7lDpL5
Ledisi,60ciIY5MouLc2Y9n34DJdA
XTC,2qT62DYO8Ajb276vUJmvhz
Lukas Nelson and Promise of the Real,5iXYJYmMcjlTFL1qA8UfgY
IZA,3zgnrYIltMkgeejmvMCnes
Fally Ipupa,6IflU2YrY5Cyw7YoBICosV
Engenheiros Do Hawaii,0GNq4xh8uFCyihPurnunf7
Lulu Santos,0A1oy7PC7fdzURgaLaWkL1
The Brian Jonestown Massacre,30uiS1n3uIGXJEYFR1GVDy
Dion & The Belmonts,2loYllWFfoWpoxC5YrJKc4
Jerry Douglas,4YgACLaoEjPl4kVZ5WmBN9
The Specials,6xnvNmSzmeOE1bLKnYXKW3
Enter Shikari,31jvzuB4ikftPQZJwrYfCF
The Bones of J.R. Jones,7sMcWECQxLm7EoKdRlSCAn
The Miracles,6TqQLejnHXMGr7KcegxUND
Parquet Courts,23NIwARd4vPbxt3wwNnJ6k
The Kills,5BYuBzqmTXwUDw2rYkwExr
Groove Theory,7opRqRgF9lvnVraBFCMvIj
38 Spesh,32cT1WQRSDg4xsReG7eqyT
Thee Oh Sees,3qYfqdVwX0fil71onLpLkh
Ralph Tresvant,6MLDcHrNh4OqxDZAjMt5pt
Broken Social Scene,7lOJ7WXyopaxri0dbOiZkd
Bobby Vinton,6bOYtKnpLPQSfMpS2ilotK
Raheem DeVaughn,59NO6KX7wQCG7jGdtH1NtL
Color Me Badd,1QtIfAa6y7w2JhxYJhYeUG
Floetry,0un6YenPxWZ2VW4aFGMupM
The Chiffons,05sIdEkXAYDbDDdv3T56Oj
IAMNOBODI,2DLlb2Se6eF0mMTYffyAcn
Ty Segall,58XGUNsRNu3cVOIOYk5chx
Rev Theory,10n5DVRlZbjbZ5ffpwpn6l
Os Paralamas Do Sucesso,7EM9m7HOXxVgP9oEpDDv70
Rah Swish,4FeLiFUPdxVfFo8oOfA4BH
Luiz Lins,0hWRVPGWjaXcEvg8l65Tx0
Jota Quest,5re6NsyXzHg6uvNimzQ3F6
Al B. Sure!,1fvz0vd4P0LNMkAysF1ivk
All Them Witches,29Wmfm1CojrjQ3aQP0FI65
The Deele,7ohSq6OUvkH1hkslgXfGMi
Maria Bethânia,3f5VCwd57gZsqMad28jyLV
Melanie Fiona,4O2YL4ygn6eTBC0w1hyWUM
Ra Ra Riot,6FIrstf3kHEg3zBOyLpvxD
Herman's Hermits,48YxSlb23RAaCd4RyHcV9V
Ivy Sole,4NcMrSi3B8eUVy6e1Ni3wu
After 7,4UPcJIhr5K5fPsm4itqT7E
Titãs,2euX7vCVnJy3TVEGfc0RCl
Freddie Jackson,2yaixhgm3yXxjhJAH8SZy3
Capital Inicial,4Z0yuwHVJBROVZqFpTIr0d
Uncle Murda,3kortApcf0ntRWexUkJE4H
The Young Rascals,5X3TuTi9OIsJXMGxPwTKM2
The Box Tops,3KGQvnOoqUHi3KxKQMZtXr
Cass McCombs,2iUVQjheBnvOt8vaBrxXJz
Town Mountain,5cudslRGWg0GsXaN79Wifs
The Coasters,3QZKZBEmr54lAVI5XvmjnM
Raul Seixas,7jrRQZg4FZq6dwpi3baKcu
Janine,4k3yrCOPB5wp2ne8R9MQoM
Heavy D & The Boyz,4KHdmkq99PXA6QEJ2lKpA3
Cazuza,1PwOU6fFbmaGkK3wkbb8fU
Michel'le,4D0WfOUqTzqKysXt33VL3j
Atlantic Starr,2YdVmtVBpIrv0N6WiBzSqm
Son Little,4lujUKeO6nQAJXpq37Epn7
Rhiannon Giddens,1EI0NtLHoh9KBziYCeN1vM
Alberto Vazquez,3vYC7LFneIpmJRSgrYy6dc
Sleigh Bells,59pWgeY26Q6yJy37QvJflh
Eric Benét,1kjO72M26jZkv0aaGxJaov
Buzzcocks,2DxlS3lTLFIq70S7ap5H3y
Gerald Levert,7BLOa6FxCbMnowidkQfLIA
Aaron Hall,772SIFJQiXTCfxncTK1UMn
Lisa Lisa & Cult Jam,1vgjN6nIPNKiiQGE9PtzTT
SHY FX,5oDtp2FC8VqBjTx1aT4P5j
Goapele,5cgtn5YWC3Fr06wTps1dBq
Angie Stone,2hWr3AjjKOCVmWcwvuT4uM
Kid Abelha,4bOZtegYNmYOe3gMgPtt0H
Rogue Wave,2JSc53B5cQ31m0xTB7JFpG
Leela James,5sennRot4Ls82wfspEQuf2
Del Amitri,2Q4FnG5T6NTUcAAZwuMV5K
Urban Love,6sZREHX9XWWC5van5XX6Q7
Karriem Riggins,6e7BQ0gM6o8ecMXRZkXxlZ
Petula Clark,6nKqt1nbSBEq3iUXD1Xgz8
Joe Budden,1SAugjIcuwNPKS4urSB7A6
Ro James,7r2oyrNc0YjSC7hZL87V0Y
Force M.D.'s,3KpLtTMpLAko7nBDmiYg7Z
Nelson Ned,1qBGWp46vgiATN7mfKJd3s
Preto no Branco,0JC6R3kbXUHe5QrxqzFwom
Marsha Ambrosius,46VWDbmWmzvPBTmkSr25gM
WAYNE SNOW,4f44GWlEQdXaWl8gQ9sPBC
Marcelo D2,1vEN3d3dJbmdHQpXD6AIkL
Horse Jumper of Love,6U1lmwvy3I9dIYu9RalJi6
Loose Ends,4q3lWHEW55hoLJNzZskFVo
Ready For The World,6h29EZDlc2NTvmCUe4yoXV
Casanova,6dXsR7VDJvXnF1LTZlwULx
Lisa Stansfield,2jS7I1u7BpgWT9ssG62Zr1
DJ Luke Nasty,1yZwlOVsfrp4wb6d29KkGM
Stephanie Mills,0PcIlEZa7rreM7729ot05g
Mamonas Assassinas,5Q9RKJrjHdfpWVxzv45XTJ
Tweet,6zDBeei6hHRiZdAJ6zoTCo
Rene & Angela,01Wck2m10xhdxUrLaMq60y
Moonchild,1VgjAK52kjkQJQQRhTn02t
Lenine,4YLBdrR3DVSMncm785NH6C
Lalah Hathaway,0uNEy4544VZq2KOl7BsLuo
Carcass,5lhaM01nwvsMZpmPY2HVER
Cynthia Luz,0QHGCPmM4UgeNvrNPntSlu
Fontella Bass,6k3YMXJ1MJLgUEAlSPC6hA
